1,2,c0
2.706849839399938,0.6281327087844596,c0
0.5038257538223936,0.6511179479432686,c1
-0.8480769834036315,0.6059653494949336,c1
0.7401220570561068,0.5288134940893595,c2
0.18869530944922425,-0.758872056210466,c2
0.9550565092637361,0.19079432237171562,c3
2.60596727979128,0.6835088855389145,c3
1.693722925204035,-1.7060859307350775,c4
-0.13484072060601238,0.39052784273374097,c4
0.18450185928224264,0.8077059142577141,c5
0.638787013499328,0.32964629880452445,c5
-0.7540697010400628,-0.9434064032519315,c6
-0.11677331646707445,1.9017547952605123,c6
1.9966522853695665,-0.993263499973366,c7
-1.1366445936091856,0.000366479605643592,c7
-0.1565979042889875,-0.031579143908112575,c8
2.154846443259472,-0.6102588558227414,c8
-0.34641850351854453,0.1470267713241236,c9
0.558769406443067,1.0248102783372157,c9
1.8628641384939535,-1.1338171615837889,c10
0.3860303121135517,2.084018530338962,c10
0.23033634359240704,0.6812092925867574,c11
-0.031160481493099617,1.9399323109926203,c11
-0.7417897046689249,0.1871245217641948,c12
-1.3829200981158674,1.48249549608345,c12
-2.1412122910809264,0.9925734530526948,c13
-1.0467795376984979,1.2927645769293514,c13
-0.49409535833912277,-0.1625347347726149,c14
0.39248881107944394,0.22149068500354543,c14
1.541990408031232,0.6663193209198146,c15
-0.5685813606701186,1.4073382479609386,c15
-0.905099901810439,-0.3911566271858832,c16
-1.9726051036093835,-0.8668850353083267,c16
-1.2230820379046312,1.606779861236061,c17
-1.3853785569149153,-1.3296600588247933,c17
-0.41105540321250544,-0.7713286047373022,c18
-0.8046515115064065,0.2535480414796537,c18
0.3589405253750619,-1.0804714624711786,c19
0.161781188240493,0.8330293241751475,c19
-0.38823869993016363,0.7833160508104224,c20
0.586847295403904,-1.621347825454474,c20
0.026105480322676483,-1.6782836579965759,c21
-0.5324705255224986,2.1177273820227196,c21
2.3029872653509056,0.7290237321354455,c22
0.3056315115097357,0.24317761384049238,c22
-1.5609314472141087,-0.2518969516247645,c23
0.23699563041333727,0.20078046900718044,c23
0.674485186989649,-0.17405654125505843,c24
-0.38325813145045406,-0.40931848394745096,c24
0.1962753160993944,-0.982775996932035,c25
-0.9713925659501077,-1.522332873870511,c25
0.5281867344521978,0.3934607601553278,c26
-1.3982896782716048,-0.21931071609607042,c26
0.012420990255292875,0.0936279847307588,c27
-1.097693023064908,-1.908008821232767,c27
-1.666059178570647,-2.7369945956467303,c28
0.17800909135852547,-0.626805405123199,c28
1.7434769471227056,1.1300180527493824,c29
0.33086562044846474,-1.063048893618331,c29
-0.9455881247341669,2.0295441849199127,c30
-1.3064823050884957,-1.632923996816882,c30
-1.6675367808286456,0.6088572918018318,c31
-0.2057922982750036,2.493990185752055,c31
0.4967269541347469,-1.235614261466594,c32
0.7541214332828665,-0.7720406439702567,c32
0.6884084244168481,0.08152335776533699,c33
0.05366145791755185,-2.1151130977123773,c33
1.0627104161410734,1.7520144226756424,c34
0.15366083401816283,0.16763824411665035,c34
0.9622991701503001,0.9028258592331454,c35
-1.5496711043545173,0.43525292201184523,c35
-0.4478983519268438,0.26620677922249886,c36
0.9887728450784197,0.5138327290356798,c36
0.8469038980594052,-0.29843574431221986,c37
0.8890308842265193,-1.839260863340729,c37
-1.0765905044553468,-0.580382983225663,c38
1.2017440283185892,-0.8204631637242422,c38
-1.5248555367588408,-0.8548599013156002,c39
0.1854789874674731,-0.9940182922196608,c39
-1.3350917346306141,-0.0892984417103869,c40
-1.40912568010266,0.8709070168048411,c40
0.9296578406361021,-0.5508760030855312,c41
-0.9753493500596645,-1.0548505975739644,c41
-1.2672401758233451,-0.8028431714973141,c42
0.09069874396718668,1.3217153465920728,c42
1.3597119775466715,0.7719700393250232,c43
-1.3915190611130732,0.14748647106358997,c43
-0.7201097480739456,-0.28525676642496123,c44
1.0040561480091232,1.0319158600110228,c44
-0.00035496108900161965,-0.21988154841914037,c45
0.8343545216262672,-0.14043183108525809,c45
0.6657145861587476,0.4075864497857779,c46
-2.736464445063238,-0.9851528548352678,c46
-1.0132280125006923,-1.0874358897562575,c47
0.6610291979302003,-0.33292080038923216,c47
1.715950166352582,-0.46875628568514655,c48
0.23008704402132232,0.6186579932288591,c48
-0.16664611600310902,-0.4458727825776645,c49
2.7850096677486076,1.5237504578803855,c49
-1.4783193644514252,0.2142341936452114,c50
-1.420949475967842,0.3216595852289016,c50
0.32978365243716745,0.9205251723412989,c51
-0.3778614930289294,1.9554198879611708,c51
-0.22221024494383712,-0.05120286374238727,c52
-1.5010412350670501,1.0583569254143221,c52
0.5022503366851555,0.11458087653140756,c53
0.45934306829620686,0.5855126831234784,c53
-0.6032354658427626,-2.552660256955763,c54
1.407188843201487,0.060970809221258734,c54
-0.8211095759183248,-1.599170657601589,c55
1.509747011077927,0.17468320626554876,c55
-2.20644204251316,0.5441592393194943,c56
1.2529436328908892,-1.0483473351311796,c56
1.2767314501588805,0.6451323806032381,c57
0.7557421957582812,1.7581217444856017,c57
0.5299269309702093,0.9401202710995398,c58
-0.14126622522608934,0.0855288075783365,c58
-1.314142174337265,2.6012400932502255,c59
-1.7149626063052978,1.350045792334346,c59
-1.3128536638379644,0.03359038142180352,c60
-0.3084717137367063,-0.8420664966420917,c60
-0.4939413149954647,0.5527943169790989,c61
0.23160916561094283,0.15541189182413953,c61
-0.652119462975686,-0.8576962857153171,c62
-0.015974763986253394,-1.4331305898343247,c62
0.9811694417465484,-0.8169062469135775,c63
-1.426758523023901,1.2604754412328396,c63
0.2571828802021224,0.126085735824519,c64
-0.13581250908169476,-0.7106670001765035,c64
-0.7267406569037818,0.4174118285256776,c65
-1.1946993298067712,-0.14523129570790672,c65
-2.156487652428678,-0.4949174704085828,c66
-1.2915591828336213,1.0010022005752726,c66
1.480147704270954,2.0851158998097055,c67
1.1913047760618745,0.3406341155687945,c67
-0.9455229579040624,-0.4010167818888358,c68
-0.022691650465244437,0.0314742438730495,c68
0.30495737532945444,1.3865993466477626,c69
-0.6864662276135413,-0.9694598382813757,c69
-0.3349497156722079,1.1663046007602693,c70
-0.3921131323322243,-0.2475958454235184,c70
-0.18930957076976135,0.2768256247598723,c71
0.142040996948152,-0.6387009604988266,c71
0.2297543588778634,-0.5717115171656482,c72
-1.7528245545660412,-0.13091352147225854,c72
1.2426485622767727,0.805834452800771,c73
1.0372114808925936,0.7419761001152176,c73
-1.0254991899957553,1.13216967032388,c74
-1.2909918941020615,-0.008876309119172575,c74
1.2925450090585615,-0.21425798795187587,c75
-1.019374053873979,-1.2433513483934435,c75
0.5893363763730936,2.619667623589987,c76
1.826460209902817,-0.2873964549254517,c76
-1.4868984054388465,0.26463236551557934,c77
-0.45250633095849147,-0.2761386431316534,c77
0.13032226780663156,-1.9087475672242922,c78
-0.8906825571336363,-2.783966579729655,c78
0.7458379681306948,0.3086585180160728,c79
0.9412447874827957,-0.008311476133225902,c79
0.6262724830212811,1.339398934928884,c80
0.7384933120007285,0.29283070224061214,c80
-1.2609113381586328,-1.374956460644141,c81
0.3132895365677725,-0.06852837842304142,c81
1.2950232073126935,1.5366831882686733,c82
-2.1499111822302464,-0.46675974850686985,c82
0.580864184079329,-0.2707131199556944,c83
1.892136757542003,-0.6978587837559875,c83
0.020894966861962183,-0.33213816069280805,c84
1.2700494135755682,-1.373762963985062,c84
-0.6621939390170531,0.34410265799802875,c85
0.3587718833579106,1.1343778881317041,c85
-0.4423736078301762,-1.3931641525014775,c86
1.1950252594808337,-0.715025465457939,c86
0.678916133248716,2.176143463701502,c87
-2.3372278435455502,2.0206196682959363,c87
-0.12482100179173622,1.439175443735045,c88
-1.072947800165939,-0.3531644127460178,c88
-0.39319931143498205,1.8262544006860955,c89
-0.783599045179067,-1.3828150649330109,c89
1.7372065772286167,-0.3030509660932472,c90
-1.7927471031828874,1.454429950375974,c90
0.6462650509275637,-0.37956455735120537,c91
0.024627528055157104,-1.2028499988037833,c91
0.2635431721693691,-1.3818507271183973,c92
-0.9587046244491905,-0.4844079046836579,c92
-0.33546932640644905,0.5216431849410385,c93
-0.6819209123871485,-1.4042197355491426,c93
-1.0247466162969934,0.129971663056787,c94
1.9358209580700951,-0.49229924755107585,c94
-0.5611104192119871,-0.6920099805391776,c95
1.0151535898652828,1.091775756496675,c95
0.14461878778032825,1.7701345983443486,c96
-0.8667659729019809,-0.6487566949369489,c96
-0.6891906976989665,1.5914243413644031,c97
1.7537215584898294,-1.5661440186848394,c97
-2.757239419919508,1.74852304692399,c98
0.19092641235625735,-0.08684607961323257,c98
1.5477421697530698,1.0709223610257972,c99
0.4715495906486373,0.9504934790685724,c99
0.8617541635496225,1.0634166358249366,c100
-1.1610530541051192,0.3392759211991378,c100
0.4327747071751795,-0.2804328003490736,c101
0.9169157935858288,2.1187531477807044,c101
0.5369648181161053,-0.6125285360817159,c102
0.5343583269020764,1.32930676993308,c102
-0.12998602206598214,-0.5577376157368411,c103
0.26073297411449553,-1.7883390180050958,c103
-2.226208329331193,-0.7797669991597069,c104
0.609785841567002,-0.5410671395047455,c104
-0.03075682158576717,1.151300735376142,c105
2.12137034727789,0.27238501394584513,c105
-0.4275620516092679,-0.6669436996169239,c106
-0.2893183751904946,-0.1626690089566636,c106
1.8236440153951956,-1.9115484465394235,c107
0.3897205937153544,0.3217964050743648,c107
0.7581982375298166,0.2539532402164912,c108
-1.0397962448560292,0.3390349798872468,c108
-2.0285583258674516,0.9675932132275031,c109
-0.48954340848703326,-0.19693227390463844,c109
-0.3213243182737195,-0.1853094739428839,c110
-0.1314276418467412,0.5338530286024564,c110
0.9990588826759489,0.4843955357154622,c111
0.38668389832593075,0.8095533756534916,c111
1.1948884118764782,1.0978511087127911,c112
-0.46471607985171065,0.5040303863792491,c112
-1.0759663661225685,0.4588264934043464,c113
-0.1451823766486826,-0.21781260744388312,c113
1.0839929869651634,0.16208629758367663,c114
0.9332281573478444,0.3650456259451865,c114
-0.4061129996347601,0.2698859785597524,c115
-0.14513966990974372,-0.276797239112443,c115
0.7035355868846872,-0.7576672597187848,c116
-0.3865861821152562,-0.3911865644319057,c116
2.8644748447612587,0.10288452424681313,c117
-1.6071793204125235,-1.479347543158412,c117
-0.48323367182284377,-0.2003601116922789,c118
-0.48108446891059403,0.3766815741409367,c118
0.6070521455958162,0.5065359257930917,c119
-0.10187938427860996,1.9679608095922008,c119
-1.143887029556848,-0.5829604461804856,c120
-0.6489216544658513,-1.4700718355781577,c120
2.242883615969702,0.27689795153222735,c121
-0.7466517576822327,-1.280879501377738,c121
-0.2527424330262178,1.0185650329424618,c122
-1.7767180767300406,2.116833198263054,c122
0.6101629055410893,1.9165978007895244,c123
0.7917006248973872,-1.9777058375405574,c123
-0.714469235034141,-0.019970341529444033,c124
-1.2509759703902632,-1.0174177018391457,c124
-0.9057961655942316,-1.3836373938033748,c125
1.8214882828501366,0.6773826414976682,c125
-2.450273920538635,-1.0799563507649734,c126
2.0460930397431776,-0.88943490792438,c126
-1.7249538886043416,-0.354824451915776,c127
-0.6239885476694774,-1.426267601822141,c127
0.5913855356854816,0.29941452291538656,c128
-0.47214232900067826,0.3785850582776351,c128
-0.26388993766357904,0.06798872561709174,c129
-0.6028324566008367,0.7065434086473624,c129
-0.7142261715399423,0.10903069089995503,c130
0.9812639522734443,-0.5465500727005606,c130
-0.3604008167719338,0.0322620823050847,c131
-0.5318384722396495,0.8417898047017214,c131
-0.2390530107793644,0.7827328813902484,c132
0.02767581240054907,-1.5202868057232024,c132
0.8604225428721973,0.5824537440079488,c133
1.0108675989349356,-0.5908314621412939,c133
-1.3654134025097164,0.6817578088408777,c134
0.23466373764092413,0.1934654132120751,c134
0.30867126112675836,0.7501265909185724,c135
0.5550422289169726,0.17444632519345735,c135
-0.24436102080636823,1.0410557492499029,c136
-0.8435520025924812,-0.16246360093640472,c136
-1.7908091673608124,-0.21222027227928175,c137
0.683211251804631,-0.008982564910265821,c137
0.6624075184155835,1.2234572300953985,c138
2.133136702229532,1.1592848314577393,c138
0.13401956636081125,1.040046901956782,c139
-1.5602162564969915,0.050335980540101556,c139
-2.231037052978385,-0.12545275015327975,c140
0.7154512092397253,0.7075118634465167,c140
-1.062307087647101,1.2361134508513296,c141
-0.6049866460581174,0.18624305352182297,c141
0.5130713917184009,0.357042387005073,c142
1.9603349843444111,0.9083960513391167,c142
1.8517931122690148,-1.1848689137582953,c143
0.7999456541889732,-1.8084070104906735,c143
-0.4529310917824733,-1.9901973678753824,c144
-0.19668712636933386,-0.0576098444186092,c144
0.08232896593997696,0.4517056464594909,c145
0.7930220088516202,-0.36067785201925495,c145
-0.36193149951357795,0.7547495244878382,c146
0.684733237327943,-0.3807511035694191,c146
0.7291090796175345,0.3289622340052539,c147
-0.5212944455269182,0.4782717606472858,c147
-0.5549654954789004,0.2583790784001398,c148
1.3535522720096038,0.3140526406562607,c148
-0.16868651249229932,1.2929130824890096,c149
-1.857739510496285,-1.1844578864063091,c149
-1.9849313878381423,-1.063373928448645,c150
0.5369317071331035,-1.4700129616126536,c150
1.5502259469079316,2.1559533346519366,c151
0.29658842851584205,-0.10019101244680104,c151
0.5300083630315405,-0.9403545889020745,c152
-0.6136537581645959,0.5974849103026085,c152
-0.11380201566801483,2.4462861790206105,c153
0.23807943955048821,1.1701240947874985,c153
1.0826474107112465,0.47488181418901976,c154
-0.7898242477799104,0.2040912726772836,c154
-1.2824145926683406,0.19789411686460948,c155
-0.25134756765637756,-1.217939603141718,c155
0.9026018034646369,0.45207019119819625,c156
-0.5349901752149745,-1.160778104522483,c156
0.6190608187437497,-0.16235335952227653,c157
0.9613252867244528,1.3141722450503217,c157
0.7439318393142281,-0.8237933138081592,c158
0.5097194680026691,-0.08090307201482305,c158
-3.0971386265109233,1.6842496823904027,c159
1.7278711479170452,0.950596369072207,c159
2.0481963530523846,-0.6939952258515621,c160
0.09670360383328055,-1.8631718310499787,c160
0.1223703681650911,-1.8316960370819297,c161
-0.4644284728208414,-0.7189767054480867,c161
-0.7964114965519155,0.2022389070807063,c162
-0.13693135159819098,0.0648220239266431,c162
0.5698356527951159,0.2279315717275164,c163
1.7206221316151542,-1.0494783722520937,c163
-1.0349927854907042,0.7767280211648925,c164
1.1902773695882294,-0.927945272367521,c164
-1.7360290982779794,-1.6694413142458682,c165
2.0570002833412424,0.7226646654473587,c165
-0.7159385523802434,-0.33759924254607815,c166
-0.4039939770056552,0.1984819696139644,c166
-0.3611065599689472,0.6516271295415893,c167
-0.384560234214254,0.4375883211659681,c167
0.08338545263242744,-0.020157728507139414,c168
-0.07965569047538068,0.3560246239250063,c168
-0.2269089651457271,1.304680257234145,c169
0.6836886213802553,-0.5392192590093537,c169
-0.8241822410630507,-0.5534741411831113,c170
-0.718006979991493,-1.0281695083064601,c170
-0.7276362814171589,-2.078017749144569,c171
-0.9803248417579409,-0.3429257242164621,c171
0.7819185021890762,0.215128142040481,c172
-0.518098420315579,0.6378246271973792,c172
-2.3331052253392928,1.3660846684718877,c173
0.9164051789440081,-0.5733405361231099,c173
-1.2088465732555587,0.08934189999171191,c174
1.314687793017354,0.8302979965239676,c174
-0.24332942442365926,-0.5888766211622928,c175
0.9845831383814299,-1.1839242445942888,c175
0.9308254960356845,1.104894442092637,c176
-0.07907971415629557,1.2397628014673845,c176
-0.367654917444136,1.0808013839672284,c177
-0.9600240249094101,1.6914706255742378,c177
-0.11896787164798607,-1.5830374219582024,c178
-0.7159400374680942,-1.7806871522206078,c178
-0.7159453000307853,0.9265228684070641,c179
1.1304084914885928,0.054735230155973896,c179
-0.20055098115428244,-0.847900906870273,c180
0.8237601474668779,0.8142093883622924,c180
-0.08907812034585719,-1.3692075017033942,c181
-0.5332891592349585,-1.3271043191434642,c181
-0.20317733961489062,-0.12421661657690554,c182
-0.9211119057262595,0.6823651697089349,c182
-0.577073535594364,-2.0117050809238193,c183
0.7405924286923131,-0.6415624602271436,c183
-0.8523711897102517,0.4123117074718825,c184
-0.6109474080453896,0.38586157081897365,c184
-0.32837499301297973,0.21948651491047047,c185
-0.6592419792570919,-0.10790927306074329,c185
0.7712367843713809,1.4035679911614265,c186
1.9317411747108433,-0.7937245613843232,c186
1.6094123683148598,1.8658153613335335,c187
-1.0470118166778264,-1.5180416617885293,c187
-1.8304263298868315,-0.7806928387866866,c188
0.3410100987321226,1.1173285180789005,c188
1.4647730691712393,-0.3353817266976273,c189
-0.9495469997889809,0.23983256459010782,c189
0.3604761350792329,1.0575109290657547,c190
0.10310730144944748,0.18667200379687485,c190
0.40811793290565496,0.48306970557715356,c191
1.197752489650058,-2.340207118183058,c191
0.06334446304124845,0.1482274839190171,c192
1.5716863939118404,0.19370707437619536,c192
1.4175563935742386,0.968226896611946,c193
-2.191394008437347,-0.867381505642367,c193
0.8421074932632636,0.35263619663262413,c194
-0.1875528786806336,1.2132187482344228,c194
-0.9077011939315665,-0.05313495713035536,c195
0.8672739524232967,-0.9456649392635545,c195
0.5840452152184942,-0.48476452944237125,c196
0.7864517401785528,-0.5668410551290829,c196
0.21298655256327065,-0.019184774120586463,c197
-0.7682927700637937,1.7827248014933599,c197
0.5442549990217157,-0.5087946632662258,c198
2.073591025611474,-0.8411112708909922,c198
-0.866678670775122,-0.4266867203826539,c199
-0.4738686142287882,0.4630333851975369,c199
-0.3491201808788607,1.2361151722539072,c200
0.4127426002949397,-0.599236814157667,c200
-0.061386096389383006,1.291219438379237,c201
0.48275584592761456,-0.2893693337398852,c201
0.9122104510788283,0.1979293149367853,c202
0.25625339304281836,-1.390740284639236,c202
-1.9595923943584426,1.1943046788408151,c203
-0.6503632105552463,-0.44565163849561584,c203
-0.501117895236206,0.8883047386867818,c204
0.9849546695922917,-0.9829124448968789,c204
-0.5620380625688277,2.162063913538903,c205
-2.233372877701731,1.0406422517516158,c205
-1.099065768514224,-1.0194686338034673,c206
-0.18930119525361402,-0.3642181437572962,c206
0.4827800525098202,-1.183486408126057,c207
-0.750205043203326,-0.02029279927188316,c207
3.2711905373315218,1.2746282105379394,c208
-0.27880978111524685,1.0011916589659287,c208
1.5403748360200618,-2.0465305434717593,c209
-1.7228348473149406,0.8839775987170987,c209
0.332622420955436,0.33974688749638365,c210
0.9341639444598957,-0.2106432820595595,c210
-0.6520655217089719,0.4776982983116213,c211
-1.562862390013941,0.1515689976920589,c211
-0.7805705506981728,2.473117781704072,c212
1.1254965268316368,1.8676182217521924,c212
-0.5494316397524909,1.4727726167054285,c213
-1.2147119087766516,0.359752069758958,c213
-0.6914213349545588,-0.4332321098001538,c214
0.46830183136846937,-0.018961413603614592,c214
-0.0924884979035152,1.0699166129990874,c215
-0.14207768225582393,-0.33385259067833617,c215
0.5540894432198272,1.2129480205935814,c216
-1.552631562979153,-0.4047881789941488,c216
1.2348664477416298,-2.3873586544818615,c217
1.1557957661398195,-1.0130563032241116,c217
3.1346906628013573,-0.025709669487143906,c218
0.13498375894851813,0.9923067001215043,c218
1.3747162144766372,-1.6546216190592888,c219
0.036076233379417295,1.4796121497251056,c219
-0.11517572380063011,-0.32577745204870406,c220
-0.51199439654386,2.2461523922077666,c220
0.7672194615007547,-0.321420522829802,c221
-0.2724127648322374,-0.8209509618935137,c221
-0.7731834720169599,0.9918308542995309,c222
-0.7875682866956698,-0.7534386951752293,c222
1.081257566094924,-0.3735697074765054,c223
-0.3056806470108804,1.3797274661478796,c223
0.4865042443979381,-0.9090214729829939,c224
0.9393057545348784,1.669541156963526,c224
-1.6027488152724054,0.636702852168975,c225
-0.9455948660904525,0.6783836179179628,c225
0.9037497810329765,-0.43792780486516625,c226
-0.20474267511566588,0.9734175095006514,c226
-0.9799583811252776,-0.5986960048468897,c227
-1.5355041507927585,1.106897438699017,c227
-2.3351086672307457,-1.486499039631735,c228
-1.116535182366309,0.18875868437700377,c228
0.3936643628021405,-0.7202395040056768,c229
-0.7012139850940403,-0.8179110274055875,c229
-1.0157380549748163,0.9177975566814057,c230
0.9595209368067948,-0.851112540704031,c230
0.5821700297394228,-0.20370556170544704,c231
1.3982174904508364,1.1321036919728649,c231
-0.8321835370198754,-0.6198818799726304,c232
1.8059537112964932,-0.9041919952948158,c232
0.4989152043567427,-0.0978539696757016,c233
-0.5548208949284106,-0.45466575150570265,c233
-1.005368773173613,-0.24895826768257479,c234
-0.919028221245484,-0.555979794383648,c234
0.7650710255657933,-0.6058618491703196,c235
-0.3125854708770628,-1.360024302934607,c235
0.42885789871785557,1.4409664305951453,c236
0.31200986486237986,1.132096476845477,c236
-1.56674771271524,-0.6564844432222035,c237
-0.08498433212389517,0.4804256543242947,c237
0.26628678280873375,0.1726990162144941,c238
0.2800782512374805,-0.10498062497990923,c238
-0.20375023974386444,0.045195047176987295,c239
-0.10274549754715355,-0.8501540203142078,c239
-0.24401829117514287,-0.2596308234085013,c240
0.3904216845957527,-0.15867276003751798,c240
-2.120653674328887,0.025955668195093692,c241
-1.2435166618480826,1.0566037588343342,c241
-0.726373217633505,1.5070437352094201,c242
-0.586854941676692,0.4226897706453347,c242
1.0313941302521548,1.5677697541803735,c243
1.4560604776681663,-0.27550369718468576,c243
0.9573361242290768,0.40904607611029986,c244
-0.2895122874506098,-0.4141768109714177,c244
0.7123567567767428,1.912303003138219,c245
-0.31091546510970336,0.060894757356760386,c245
-0.19418737897602475,-2.0148411105193196,c246
-0.5073440778432159,0.14678738622639803,c246
-0.9473670071781451,-0.5121653673557852,c247
1.52620728857252,0.7032294119000957,c247
-0.14017189806875194,1.149968917866328,c248
0.2205655574039619,-0.0269785718294069,c248
-1.2409441698880739,0.08457400620394827,c249
0.6421721221232476,0.8046441141294345,c249
-1.6448328507397942,-1.4163119146734442,c250
0.9206020354846747,-0.8307483767920155,c250
0.11103182452301104,-1.4690890139208554,c251
0.5015954467177374,-0.33169926804761635,c251
-1.2881777613790535,0.8367783780860891,c252
-0.7058003252347741,0.6996865749762813,c252
-0.9322363377177204,0.7086559636469256,c253
-0.6098146702970116,0.1453200899487982,c253
-0.04952215102987894,1.338562916974029,c254
0.8297072548363279,0.31192568471948146,c254
-1.5443018776560251,-0.9768838720210026,c255
1.8408311398152928,0.6845685913999803,c255
-0.14578398177293495,0.0727125513295878,c256
1.708496369054789,1.2544523280133013,c256
-1.8545604566526324,-1.1638957579032057,c257
-0.15714892228775557,1.506973138851974,c257
0.4233899006073336,0.5557420699718949,c258
-0.07309954951964015,-0.5398377583350654,c258
-1.1652306492715214,1.0865288242672066,c259
0.0422767258567398,-0.702138514313498,c259
-0.19904721280180432,-0.09047936960421787,c260
1.5374195124975256,-0.1745135437228202,c260
0.6935970840749655,0.07872718507688668,c261
0.1724972126315332,-0.5985635408187827,c261
0.5576118292724718,-2.7548883909797275,c262
-1.2121850449317695,0.16142566176189585,c262
0.6097698961645062,-0.7754865148872415,c263
-0.9287569378162238,-2.2122461219007166,c263
-0.8422417233587769,-1.2150506782507926,c264
-0.9293736390898852,0.39258887248060326,c264
-0.9965853133822083,-1.6000553908094792,c265
1.712017061235528,1.0530538660429167,c265
0.3274928566219452,0.5846510950587672,c266
1.1050750827820577,-0.08471725699691254,c266
-1.5895830157780162,-0.8936561558468551,c267
1.102573596773145,0.9576528719526908,c267
-0.459552056645095,-0.7121514008623497,c268
0.1246008691988508,0.24769383128643124,c268
1.8195796387696492,-0.6049365320537602,c269
-0.9762493598898496,-0.7402036879259202,c269
2.8240816702253535,-0.35593530442856686,c270
-3.1277316303171103,0.21193088645260988,c270
0.6525736110687006,1.3642878003673071,c271
-1.489147532355333,1.8919869162022376,c271
0.2093552678318087,-0.734818977202438,c272
-0.96331977185675,0.22564276472641837,c272
1.1957808737880167,-1.5319634732433363,c273
-0.7358503356614993,-0.3648994000099412,c273
2.0122630428637125,0.7698416013578502,c274
1.0632613768434835,-0.18699246440154246,c274
-0.17622766358888872,-0.7621681916779619,c275
0.5751810528189493,1.7813571012221916,c275
1.2297506247373702,1.1391227209679924,c276
0.6535941286486847,-1.8535263945408602,c276
-0.5885773670394986,1.740415786471961,c277
1.7997231861121274,-1.9349219441986654,c277
0.8553885976998616,0.17162193855457683,c278
0.6880447782641715,1.6913127464401534,c278
-0.18081567527331815,0.25108667901016746,c279
1.0186148840909728,1.4188276108052684,c279
0.3179506878664802,0.49714472437029994,c280
-0.8778618231738653,-1.672635956958584,c280
-1.2397679538401183,0.18909919115686716,c281
0.872762164654077,0.12276213332056583,c281
-0.6390293551949263,0.24574355682077118,c282
-0.158555134477809,-1.0217767608459363,c282
-0.3540309138366957,-0.6911924854141089,c283
1.4794328190260904,-1.99563388354603,c283
2.5777174489597483,1.4453839424021153,c284
1.0061358832071987,0.17548538327847774,c284
1.785698616792025,-0.8374765558191305,c285
-0.7037212102240109,0.5203321075346738,c285
0.06883134894441224,2.53340739831694,c286
1.665356789930194,-0.7358236774060928,c286
1.2733464641553767,0.07130180680013307,c287
-0.04793857827627397,0.007450731112273042,c287
0.7237615847196242,-0.665691951293243,c288
0.3921434629634288,0.8413890003268997,c288
0.6304045699668258,-0.4954174564600674,c289
0.7427243648696661,0.24437108840491267,c289
1.000049828611574,1.6124184122806469,c290
-0.23808413543200213,0.10371450236729451,c290
0.7596879880818816,2.225545381214447,c291
1.3692149299525178,-0.545656145530313,c291
0.34872552671155327,-1.4503414133296868,c292
-0.7133082394279386,1.5402614493725202,c292
-0.574300376081173,0.19520942962942672,c293
1.345700357846398,1.18209085948339,c293
-0.47270197475856707,-0.9405214542248439,c294
0.5339991740413808,0.36709782583884215,c294
0.4665481813918301,-0.383964821055849,c295
0.37629419506641504,-0.14514119958577626,c295
-0.5527599438704566,0.4807242149061833,c296
0.9669077188956858,-0.09688687057322395,c296
-1.2134285234081585,0.13674414243760935,c297
-0.7341590890373373,0.2934587444397127,c297
1.2537072636125417,-0.06455933456685876,c298
0.2857823860685856,-0.2219529393362852,c298
-1.9639057215633682,-0.06563102735394337,c299
-0.4436397788593447,0.15710504853482213,c299
-0.05590979198326431,-0.6040378985085642,c300
-0.9294229345205907,-0.14995498620109196,c300
0.35262407078440444,-0.025048272684541767,c301
-0.24855687828077086,-0.14838119728165208,c301
1.3127456126203623,1.6189134741229132,c302
-0.1885678593046291,-1.7012153853587333,c302
0.4662605160257823,-0.9067930724638829,c303
1.137352290717352,-3.9198807552200114,c303
-0.8270685974532854,-1.991291535126796,c304
-0.9143547963415986,-0.34836769881571256,c304
0.25558066441776245,1.1397502187110402,c305
0.2902993089452371,0.07458115581537628,c305
-2.5185403395741126,-0.6956167700701531,c306
-1.8300111247892834,0.49848081357185015,c306
-0.46047149505231844,-1.2891470159398546,c307
-0.05635926874736979,-1.30140322856686,c307
-1.178623084823224,-2.1282521234169316,c308
0.4840867722027854,1.0873371070947786,c308
-0.6323364274412803,-1.2952756068958364,c309
-2.2165842123387773,-0.8704939599687904,c309
-1.337640675463518,-1.087237965324452,c310
-0.4761737167744557,2.6284908006850745,c310
0.19842861515937732,0.09350609078248877,c311
-0.40680086674696575,0.7673484310447077,c311
-0.263277764719673,1.3895914080646121,c312
-0.5079394749545348,0.6831261253270126,c312
-0.9317602476615529,0.06608260334282001,c313
2.5865246295917372,0.7628435358963549,c313
0.4205790106281801,2.054040503184821,c314
0.8722640240114456,1.035748260581516,c314
1.1005173186533161,-0.3161220509422876,c315
0.8325785172339719,-0.3822514115358586,c315
0.9217323190165381,-0.37882018699711395,c316
-1.2692068383697013,1.489792870777558,c316
0.8473488456042082,-0.3772681423744856,c317
-0.6011528593528772,-1.2066805292721434,c317
1.0094332208948604,-0.09205576290961577,c318
-0.4664736888669919,0.1946320969572979,c318
-0.5091404898314245,-0.22698344323599604,c319
0.32348283272020595,-1.1826243068037898,c319
0.5238363010194995,0.8369901720234812,c320
0.349308780426796,0.4538512869291624,c320
-0.2858799215071722,-1.1976281522075947,c321
-0.45643645129213445,1.1593091949683834,c321
-1.0519576909658868,0.40063629681510654,c322
-1.0912396091316343,-1.7931806546925415,c322
-0.549977877748709,0.3691573024400943,c323
0.6172658356029536,-0.13350291641943346,c323
-0.7368529776515157,1.451547367915529,c324
1.2368840109052532,0.20217282879190082,c324
1.627963688225857,-0.673736222791904,c325
-0.4311161605148023,0.4533043117070657,c325
0.3130827880487233,-1.1626867440244368,c326
-0.81355935216,0.47531729855093613,c326
-0.18049338255123137,0.9590647098001616,c327
1.6090675782821795,-2.6846426976538615,c327
0.2103862884965006,0.00108840503615456,c328
1.6608504571708114,1.7351712966724246,c328
1.0203490403118236,-1.8859369866111435,c329
-0.3284398242945032,-0.14428075050682834,c329
1.7111355060234386,0.041513702970725416,c330
-1.128142220204682,0.2629142111562537,c330
0.5952922176184133,-0.4749921688464003,c331
1.2496433402190994,-0.706108456316364,c331
0.3602069007517343,0.46764639515299056,c332
1.177993587094713,1.2882345737041652,c332
0.7930986564025808,4.2606214973309955,c333
1.2876459777849876,0.21084203927669393,c333
1.1673975207865375,0.9098550061313715,c334
-0.20886478592857077,-1.8381175570556039,c334
2.194461344499974,-0.3610178339652479,c335
-2.055565696110391,-0.38149848558730665,c335
-0.6107163125293975,-0.5928448955251655,c336
0.1182657127905283,2.170962299361919,c336
-0.4207035918838197,0.5768276833262195,c337
-0.2615032792033024,-0.2546970939453856,c337
0.03017109796576615,0.6058641526022152,c338
-0.1725241346965411,3.052445460783622,c338
-0.3517245635780507,0.6285908741954868,c339
-0.05532916537949957,-0.27315804318702974,c339
-0.3019810554149328,0.5626307340836598,c340
-0.3050865799253455,0.4744968381728943,c340
-0.026315444850079577,0.7927146168794309,c341
-0.012216048939785899,-0.7569610960460819,c341
0.5175490115509702,1.750715462376757,c342
-1.7913177392239314,1.4058393169933685,c342
-0.3497695925089858,0.787672022937012,c343
-0.6024916902911553,0.05412560133148749,c343
0.1441826631318,0.761756607432492,c344
-0.7474061919518887,-0.6825028849944486,c344
1.3529757592562792,-0.17866919851359445,c345
-0.4008816371607405,-0.4041852607462463,c345
2.309656629363961,-0.6366073496480894,c346
1.0678495723996773,0.609428134311649,c346
0.4615018007771317,0.9599427290929313,c347
0.5671258032549189,0.25540140467822425,c347
-0.6645299206058686,0.34401675780215574,c348
-0.6715669553733085,0.5492745167075181,c348
0.2695405623549248,1.8847408311950413,c349
-0.20019748429069462,0.3210436576194025,c349
0.7056759787520408,-0.729941402943745,c350
-1.0930256002819088,-0.5038285143902779,c350
0.49561467169482737,-1.7331776511408126,c351
0.0873647872967756,0.8433226224236018,c351
0.3401126118341396,-0.5990150850442149,c352
-0.10419579609085736,1.6573802493382048,c352
-0.47974347931234806,1.2895285446621338,c353
0.8932571057940503,-1.1630125890285845,c353
0.4111767635535949,0.02970074234431219,c354
-0.010630338261287594,1.4044814189725556,c354
0.9003178093598707,-0.748336274644294,c355
0.7068782335706533,-0.7217626491790555,c355
-1.185278220506727,0.27313523592882843,c356
1.9787190663416345,-0.428390009414937,c356
-0.8886434156639633,1.3748173594000066,c357
-0.516450249978241,-1.80097649774553,c357
0.6962430834852221,0.48233463149709077,c358
0.817415095648747,0.3857164490015908,c358
-2.50203947829699,-0.000779336659660072,c359
0.5527496128219116,0.6430220508061549,c359
-0.7994198201747974,1.064999378586414,c360
-0.7382061778151792,0.9565076628899322,c360
1.3338620756504456,-0.4865981369737541,c361
0.493726337378903,0.6825537876116906,c361
-1.1793719951624677,0.9891733102330998,c362
-0.03440540727055617,-0.0030782513091966,c362
-0.03281093493443368,0.46399677060480904,c363
-0.9363494598534252,-0.7868096990556044,c363
0.45516574713097374,1.93907274564157,c364
-0.7166189906705476,0.3807069585858429,c364
-2.1437097249822448,1.4659172293524056,c365
-0.45753320404475145,-0.16390097160725292,c365
-0.5891782903611864,-0.9740456756736924,c366
0.16180297571198549,0.2830001479339019,c366
-1.137372432882588,1.28115850544226,c367
-0.09433895183991993,-0.9153948643351038,c367
0.4877984444938103,-1.70765503263634,c368
0.8075973438442752,1.1333837332909547,c368
-1.0752177459363335,0.1092645417097405,c369
0.1251372620087401,0.44229172446695136,c369
-0.11687124386513237,1.5013795882478795,c370
-0.5320420324712203,-0.9708727448443096,c370
0.1750345561168858,-0.39873208533041044,c371
2.4875020481833303,0.15030700855223061,c371
1.0984119367987162,0.24425095534512428,c372
1.1749987810786082,-0.3495180959955859,c372
2.4966744005417,-0.2981704795818954,c373
-0.03981239987817355,1.225198448213504,c373
0.7460848153980049,-1.1083698693045436,c374
-0.6336238437901858,-1.4806593059701478,c374
-0.8911084077582591,-0.8662624044306534,c375
0.6665072295866311,0.14785269985713317,c375
-0.08355092289274337,-1.006019255569148,c376
-0.08487844660623652,1.1835270539326939,c376
-1.0830849170520873,-0.09020768930678644,c377
0.022113112243292536,0.3546658349448892,c377
-0.43807260535952464,-0.19195070480527485,c378
-0.2386732773736006,-1.149038449135261,c378
-2.2346296898721776,-1.283355687665203,c379
0.13152068825698462,-2.2841744043144603,c379
-1.0438809707580508,2.6428462459063593,c380
0.46337576663779845,0.9996333719869548,c380
1.00019307891523,0.30555872626140357,c381
0.7331711011415758,1.2494031926410085,c381
-0.060202162440197694,2.8835803936824465,c382
0.30112026214351684,-0.561201101908527,c382
1.9567556993996629,0.47667466351051246,c383
0.7789703908118057,-0.46349468961255963,c383
-0.4437315579355721,-0.8107643370661827,c384
0.7130657624585284,0.03791630778791321,c384
-3.2043041698883075,0.5831816879047004,c385
2.5991033148332523,-0.15363389537458141,c385
-1.1440757028283355,-1.802287581705284,c386
-0.658778009165387,0.20070894992522573,c386
-1.444233048867122,1.0777130841335092,c387
1.7445371057670462,0.8545527265727835,c387
-0.526709490054133,-0.06582217450533666,c388
0.7557309557080505,0.1529811500322641,c388
-0.49631655658947293,-0.4710407776231771,c389
0.8579768909579515,-1.2070613199027431,c389
0.5913343713315304,-0.4445453536973902,c390
-0.39301554062134547,2.4373750305889823,c390
-1.2445082204462956,-0.12029690827892356,c391
-0.3946667265037358,-1.6286796662091017,c391
-0.9395504891128648,1.2223512903900406,c392
-0.737097569903837,-0.33586289671612934,c392
1.1747358760569,-0.8636645082182905,c393
1.0010549161590756,2.101895455103984,c393
-1.6547576493886398,0.12624140413962967,c394
0.4268485232003842,0.7781650472991951,c394
0.26919941420098814,-0.23345899859639263,c395
-0.2935071426206185,-1.0917874096228135,c395
2.1706941671972126,0.09711975896732694,c396
-0.07795856064251777,-0.20197027070846527,c396
-0.015522059526003835,0.9625415781662026,c397
-0.288015699545842,-0.9585276473866923,c397
0.2761661935305937,1.1409224604706225,c398
0.41892265217253505,0.22343130753909254,c398
-0.2713175631896117,0.6914853016436875,c399
0.27381954489837323,-0.27645016421764945,c399
-0.43936472874036003,1.804796913674941,c400
1.0233569487021454,-0.6225796677810742,c400
0.5715684307592104,-0.04924459375748908,c401
2.148889606323941,0.47488272144018295,c401
-1.1153056523176024,-0.22655007806581381,c402
-0.35778862909735404,-0.6599853144954322,c402
-0.26671476525416693,1.6898751836015296,c403
-0.20817625866131248,-0.4091597883595689,c403
0.7963913760256357,-2.030903946901698,c404
0.011538614306043747,-0.006696833890455186,c404
0.7273993674683095,-0.5740914971115278,c405
-0.37037601675556686,0.21119511385863274,c405
0.8780059476874127,0.7324015156641275,c406
0.47268067650530926,-1.2703258434891747,c406
0.9010208274453476,-2.067527866659124,c407
-1.1508153571579889,1.3948370101612773,c407
-0.3892382770849661,1.6224937480515493,c408
1.4910870859700056,-0.20520275201019342,c408
-0.5211740667589204,1.4907082784760073,c409
0.05361628813632573,0.2850773751669679,c409
0.3895273232738612,3.200138712704306,c410
0.9273798644472222,-0.23635191205962963,c410
-0.10965469931121859,-1.4485541913095923,c411
-0.271312167793631,-0.8509792518035569,c411
0.6068674840574904,0.5758703684628989,c412
-1.8725463885273932,-0.3526131024109592,c412
-0.26750719313683546,0.8521980743018938,c413
-0.09455218319706189,-0.3805153201509979,c413
-0.9708476379995935,-0.21514556304704943,c414
-1.5299911595191595,1.9074899124884575,c414
-0.05810462120397013,1.3734842189690124,c415
-1.5237250690240356,-0.5882004218129329,c415
0.5387360493816971,0.7765303538812788,c416
-0.060256665270865754,0.872303726051381,c416
1.4468094105891214,0.31789390547892793,c417
-1.2407820928998872,0.30886467301327303,c417
-0.5690943529317873,1.0598180625639377,c418
0.6076931026691864,0.9520011939526546,c418
-0.992474998677183,0.4668716377937987,c419
-0.007052469737698988,2.257133714176354,c419
0.37653735159549767,0.10269919934771136,c420
-1.3515670172745118,-0.20607914929313798,c420
0.23809144817135613,0.9762127608444865,c421
1.6133716521269323,0.02214684979279339,c421
-1.1044422272150827,-0.4283625584471625,c422
0.38997376322872473,0.008079988016576225,c422
0.4888932198378389,-0.0663302900079692,c423
-0.6953610958281264,0.5778213073714592,c423
-1.136153609800384,1.2856402070586543,c424
0.8897132612139449,-0.8508309311992774,c424
0.747075477300455,0.7187859003182813,c425
-0.6906061977713144,-0.9946877031283645,c425
-1.4145229258324237,1.0776306707126777,c426
-0.004761522673061099,0.9054206921369907,c426
-0.11382751763677021,0.009478009738478252,c427
1.0940533291495793,0.3190339058239698,c427
0.4437501507806177,0.25733878125497767,c428
-2.2284943793911998,1.1589641253516318,c428
2.234951769598569,-1.0395589334993658,c429
0.046820958043532465,0.3387791152977657,c429
0.5553907159444278,-0.2172973068097733,c430
0.505741549441694,0.5963828319331176,c430
-1.0349354907472295,-0.3110513438110861,c431
-1.101930944314625,0.892682663939976,c431
1.9477961563288901,1.5720019018110813,c432
-0.9239889038203727,0.6507963245627449,c432
-0.144647099673894,-2.1291992136558777,c433
1.4950255973606872,0.2209531465189976,c433
-2.175676448634786,-0.17626307427935303,c434
0.10189640885493403,-0.9826327210510172,c434
-0.11077149351039045,-0.49631399202768794,c435
0.35667186922331995,1.0618928550930562,c435
1.8352932109574107,-0.13822730550957726,c436
-0.27884998701857683,-1.2891958474133818,c436
1.7531997419285312,-0.002051940873960348,c437
0.0364595617309089,0.7129387665720766,c437
1.1349932748987908,0.4453965783197859,c438
-0.447002669487842,-0.1542656054942542,c438
0.5086691540803496,0.6049106926785993,c439
0.12535003238512327,0.8996261151325866,c439
-0.617867982474299,0.5920252048209983,c440
0.4846667446482829,0.7224096378079197,c440
-0.31970399947124195,0.31076966020047164,c441
0.8197508748439482,-0.9936968355823265,c441
-1.9696645623256812,-0.1458686794855153,c442
-0.5066611116805745,-0.3243622401466287,c442
0.7635174877520641,1.598754672974426,c443
0.7892478448255136,-0.5897782578032877,c443
1.5106573818068503,-0.23299155534156013,c444
0.8152429231280824,0.2894494187163309,c444
0.43532135275056966,-0.14600476088180492,c445
0.3808225668758648,-0.18265928916270174,c445
-1.0573559692926255,1.033365684219729,c446
1.5044687428269499,-0.14416715692542392,c446
-1.227875249184643,-0.4975165676032004,c447
-1.2904501449989334,1.4793553822288255,c447
1.505616559795316,1.5312539470627957,c448
1.4764251883282755,0.5103362687037983,c448
-0.3400796831894812,0.266796218264064,c449
-0.5052631607171458,-0.10766430778401044,c449
-1.257878853638449,-0.26962447904846315,c450
1.0827297291335103,0.18009386942642786,c450
-1.0663236843645063,-1.9095203662321216,c451
0.5747600299902371,-1.7944330229277003,c451
-0.6443556358525363,-1.0476948400671897,c452
-2.05339101025537,0.8038810592372214,c452
-0.13591242851145321,0.7334822062196327,c453
0.6847566402886288,-0.9722668978036823,c453
0.9052188712177672,-0.13647043708410986,c454
0.9923075189617934,-0.5021785932176124,c454
-0.22819827132281312,0.382098882185365,c455
-2.0294184780259292,-0.015095441534906839,c455
0.42800138329733506,-0.6946895939041813,c456
-0.4226822988449991,0.6682252787067416,c456
1.6314915144850533,-0.6440580866700921,c457
1.7076942221118363,-0.37811646981452274,c457
-1.2274650974376875,-1.1584273778973955,c458
0.5450866919008188,0.6357611027511958,c458
-3.0622279932939853,2.3283406006126244,c459
-0.1607997789045235,-0.6768131191300799,c459
-0.8179227779619512,-0.5972704116745028,c460
0.9024393578206478,-0.3026830919285818,c460
-1.753070559958452,-1.7276837593571381,c461
-0.44451363056364107,0.6213755871014757,c461
1.0148232889702142,1.2138459472310623,c462
1.1157357184692371,-0.5573804624873044,c462
1.4055176310972894,-0.8225937734052934,c463
-0.9008829796155021,-2.249655058360352,c463
-1.8811340513467867,0.7452010347420642,c464
-0.2653487590260947,1.4365022262168623,c464
0.8285914503532099,0.9741510046188112,c465
0.09891364506385243,1.1165719917699877,c465
1.0430294741522412,1.3450396334824049,c466
0.8779715965298962,1.1727342481584464,c466
0.10579605552678106,-0.9238303627918059,c467
-0.4244042997439382,0.7453724843703782,c467
0.93464485325467,-2.7196159067622876,c468
-0.6022285058661961,-2.044679729009488,c468
0.8087412467334419,0.5943046711406663,c469
-0.15626711535725635,-0.09254609310688962,c469
-1.071689926209971,-0.9839031103031155,c470
0.36759452294082917,-0.6012326334157656,c470
1.0271179699667712,-0.5550124953493744,c471
0.8853536396003463,1.0566939003150022,c471
-1.102595383813991,1.1420884488788101,c472
-0.002061106318639269,1.6847985122708564,c472
0.25690155958669947,0.24854794645000527,c473
0.28430009399241823,1.1940506541847142,c473
-0.12555250271937582,0.21683580840169714,c474
0.18120806695631747,-0.46763083631001967,c474
0.8687810361599156,0.22586494705375462,c475
1.9441013331623667,0.21168171974766434,c475
-0.9410859363875202,0.7594744822172093,c476
-1.1937628803122249,2.3523768880073437,c476
0.8301518656893134,-0.8767532174012063,c477
0.6861961078946158,-1.2282591394236468,c477
-1.5573637796677746,-0.5140217349178453,c478
-2.437258765395236,-2.2012236838042387,c478
-0.3760153606561571,0.03890706200615277,c479
0.6677909336367059,-0.05894876426741718,c479
0.4418074319732582,0.19251418355674532,c480
-1.593302642380525,0.07379678753082444,c480
-1.3471145029760148,-0.1293396698438346,c481
0.945164210326062,-0.16518310967030383,c481
2.6638077282019204,-0.9079067040423928,c482
0.6679583813483381,-0.39253838350335335,c482
-1.4874306846256866,0.6939913470404079,c483
-0.1725927594887181,0.5655585272522439,c483
-0.3349382455209447,-0.763234738696761,c484
-1.1837035511664975,-1.4336504988673489,c484
1.7328702070745063,-0.5799077660469889,c485
-0.9589687391260437,0.8734868631619452,c485
-0.9440655037453395,0.442659576357377,c486
-0.8894452270705886,0.23113730513642175,c486
0.8101117129841768,0.09755783769264252,c487
-0.6471928681483603,0.3988495076656975,c487
-1.6669513701254461,-0.45389910852792975,c488
0.06949165698294608,-0.6075746874787925,c488
-0.6821883238622541,1.1952882379456644,c489
-0.0255445269435951,0.19259318825333197,c489
0.5338431229210787,0.3715315281629399,c490
-0.795750139610661,1.791113123696768,c490
1.0691313303229641,0.3210519297942151,c491
0.6391028219911944,0.6088345025879445,c491
0.8614672115736401,-1.0084745728245907,c492
1.5234738612711782,-1.5141750654555899,c492
0.04011598079618491,-1.0411682309541563,c493
0.4584695941204006,1.9141977279647087,c493
0.08839891658355661,-0.5032773904588981,c494
-0.17952836044702708,-0.8674693156260445,c494
-1.6593095037781427,-1.0884887614901755,c495
-0.2051228944555996,0.26118805975264503,c495
-0.7081533259219787,0.36487595530436334,c496
-0.6391102191838643,-0.2024760052873937,c496
-1.3577189707181903,3.3572547006767395,c497
-0.5889575636287449,-0.15895103332825683,c497
0.20289449894828115,0.13416040063534315,c498
1.5295352557645379,1.10558402902224,c498
0.1696190868048376,-0.6839770689796096,c499
1.4820369036115317,0.5932691737815877,c499
1.0962879884835135,0.17879888978083872,c500
-0.5374462977282222,-0.4911481073006012,c500
