,0,1,2,3,4,5,6,7,8,9,label
0,-8.753032463643562,8.953710290812024,-8.29802407261795,7.74059325798649,-6.351062462057222,-5.314164466135754,8.121007347694391,3.519982115302449,-9.974025520799056,7.6541414544342885,1
1,-6.901995678036979,6.304243467524177,-7.274037102362283,6.017646491387942,-3.183518029044617,-7.764720448248548,9.474029457415954,3.812730692355244,-8.567940459802031,6.824318987208671,1
2,-7.457038576728924,8.540694358967519,-6.502298506837422,5.9668382666493365,-6.168485189132172,-4.888512807317614,6.986561801529796,3.607240338115743,-7.520712275113485,8.569251947235973,0
3,-8.634873183433761,6.368229581774117,-7.33197345709175,7.743366347998413,-5.101640492564528,-7.541908675749501,7.70262475560423,5.861007636390139,-9.582379419598974,6.69133376634296,0
4,-7.92606702697593,9.2846837208719,-7.1735833637190405,6.351769353638113,-5.202311600995503,-7.764196398367657,7.0744175588713825,2.460975335866659,-8.372885081069983,7.831031563269455,0
5,-7.654765333672865,10.109725276896576,-5.004715383018044,7.543459429185137,-3.396167196853714,-7.274437935268482,8.755195397001588,6.776190700036931,-9.406721857407268,7.073930404710947,1
6,-9.49524726576084,9.417209345377128,-6.275646464911967,7.113766645134028,-3.5540793141890057,-7.7485649382904205,7.325350381111676,2.8077439082062154,-9.898890396290858,7.394818047670243,0
7,-7.29279607529098,8.63196882409386,-7.0849790539574125,7.02090701282602,-4.354989214779355,-6.330069195887393,6.88404257244551,3.979850709978662,-10.315408972389283,6.757498927279215,1
8,-7.869260617407205,8.281715883803404,-8.56769663605786,5.429172244951942,-5.015347647437561,-6.775960873169729,6.4348156320753995,4.391686597231759,-9.794778706389598,7.940102387154352,0
9,-9.195326230587408,6.723233498098428,-6.448399208426468,6.522822013247464,-5.7569867402862505,-5.968258336794446,9.003318228455047,4.2416924066115405,-6.870568076513963,7.107825100671308,0
10,-9.949103694766286,8.642983458985903,-9.499912328310058,5.922388610301148,-4.687205040443391,-5.816645335471097,7.4995470503047255,5.1774056923683185,-8.414132506354738,6.212783442164448,1
11,-8.997709468538151,7.896957254011218,-5.289837376656269,4.7384861124013975,-6.708383664253885,-6.805255711013435,8.287919150085921,5.08494200707859,-9.039414765828852,6.739204995662097,1
12,-8.927211669508523,8.23259491108915,-8.132944017783826,4.767914231893203,-5.399664240664552,-7.43786837651062,6.62412366700369,5.948691466315608,-10.340618480083867,6.836886938630136,0
13,-7.865472749424925,6.894764698710154,-7.180614306061978,5.025002046929256,-4.27755880170263,-9.391795149149726,6.4373117812935154,5.032320240787993,-9.199151035760522,6.556129761251675,1
14,-8.74434529541502,8.293112910768103,-7.049308825302666,5.990907895966771,-6.280308792570762,-7.680387821611543,7.718816010333904,5.688048970778732,-9.023590650183056,7.521900080906744,1
15,-7.244096766659017,9.480301777336553,-6.8127989105655455,4.30022856217651,-5.838862163548741,-7.130624043834483,7.672935041938545,5.0035732202534176,-8.163354640967704,6.836355094397479,1
16,-9.815557706982961,7.833776961988188,-6.1370278708725206,6.1928997306636235,-6.204422870403916,-6.933126137324384,10.959011107788923,4.601644390219576,-9.983372102610462,8.993617321884013,1
17,-8.338844171249715,5.951839422000674,-6.177132762271679,7.044749277663824,-5.076974186785805,-6.82314993016845,6.664317385749295,4.258303243286703,-8.552537835086655,6.461204280422184,0
18,-8.2083211642011,7.280906893945752,-9.088716805941008,7.39842032248721,-5.360189165799945,-7.77179789377541,6.770210255421957,5.244360117102467,-10.921499754250442,7.9245300737775235,1
19,-8.650797108452537,7.078162401745938,-8.498740727363911,6.872406102280303,-4.036125095188293,-7.036958748062927,7.326614574386514,4.535410374826178,-9.875278027512959,6.6195280151089975,0
20,-7.32462181979971,5.941073503235916,-8.160136028329411,5.523317420835012,-5.224120025033939,-8.99868266778547,9.035070238648398,5.0688903815736825,-10.811784175715557,7.424550622114208,0
21,-7.637271336329616,6.16778152283926,-6.114491084434727,6.614337833609567,-4.464469711090524,-7.494799286649562,7.699376427013905,3.9676827850181313,-9.894004566605288,8.427970843291382,1
22,-5.837733404430319,4.9855095819119555,-7.975646930772252,7.169254121424852,-4.572434759682828,-7.956775824343955,6.211027565601551,5.175347304000789,-10.32833130613455,6.118977907500286,1
23,-8.130439581052952,9.698290954431547,-8.23943207348475,5.911369620825307,-4.084966179882265,-9.614691621192012,6.851364787466776,4.532921844165607,-10.244820694268457,7.350884681256391,1
24,-9.291688528673626,7.067743948327239,-7.144702859468323,7.4137426497704775,-3.9634538687729366,-6.859594994941434,8.460990764039051,4.8004527726914885,-7.594689447754776,8.238368545375504,0
25,-8.004654723687345,7.591542218937733,-7.489318367797741,6.590033482865739,-5.190828653447272,-8.725786591333865,8.85164194148458,4.952110415761981,-10.83570802935122,8.64033833267283,1
26,-8.740357881390526,8.144866985477918,-7.131989839828472,7.41279172225596,-6.115564705617787,-6.42827441276571,7.445340835857825,5.572550328791583,-9.143024701497286,6.432648002509245,1
27,-8.893321726257282,8.376712010097641,-8.021577321517592,4.928191563941803,-5.265545001656724,-8.386662751983973,7.126700822146569,5.129106255283161,-10.008070022555327,7.7774112801535,0
28,-8.474321104644563,7.042367745141658,-7.076490338320274,7.565717426759754,-7.305088717955042,-6.98269000213047,5.616671812115964,4.86421695066651,-8.153667664608388,6.61204326285366,1
29,-8.455238106679978,7.367900261106142,-8.337541862387154,8.724694252920862,-3.0803480249684774,-7.16047641407315,8.780866654789232,4.778319346361689,-9.074111999669286,6.376972271227188,1
30,-9.155568274909697,8.095941605493078,-5.783809610850529,6.786791034225943,-6.312225537940208,-6.827338121760485,8.042067159883445,3.5608048521061737,-7.877002903424448,6.1817836168794384,0
31,-9.114703961106605,7.813867769125366,-6.616993958825905,7.698471473040421,-4.086613735232229,-6.023396197624097,8.976131011762176,3.9673884211987684,-9.90763110521631,6.042427822790685,1
32,-7.005828046069379,8.261263424011283,-7.127411831452509,5.318561855161869,-4.195347909160832,-7.250073719087098,8.170463040374104,5.862863047136152,-8.460133346351443,7.263491246752435,1
33,-8.205866014054546,8.92328457282784,-7.464259141392895,7.105043580095798,-4.315837153292466,-8.367908182230096,8.503162942580051,4.308182425922178,-8.618910408913747,5.822355669653914,1
34,-8.849372510589,7.128100224629694,-7.233779019036565,7.656842127512405,-6.592659905485274,-7.428050025959132,7.699333561412986,4.831990457829779,-10.057523901811566,8.99632992747303,0
35,-9.021746835370882,7.240056179696096,-6.178723347072762,6.731130042248313,-5.725766183906195,-5.8932160344147535,7.8584683457383395,4.506961779598201,-10.07667703115636,8.217732781731502,1
36,-9.418390544077507,6.276496001877512,-5.5892223030873955,8.581727848684663,-5.135237602454837,-6.260518180357724,7.38449644493305,4.529681126771158,-10.955924172097255,8.285097530869443,1
37,-7.299060624159621,6.4514623901817005,-6.771865041207662,7.400650627049538,-5.574826860648494,-5.562385934266814,8.39299295618957,3.6561276957182356,-9.671005068506592,9.178294579859546,1
38,-8.83882070200475,5.846566687176114,-7.325591312574579,7.1753722007509415,-4.955845430608485,-6.1338962799818555,6.625595110150722,4.738949544107209,-7.935374612930849,7.061946917704338,1
39,-9.29368024079333,7.530911287383131,-7.275574525402507,5.5535520193415255,-4.914309922726382,-8.170847666705365,7.391174169510443,4.696418361849565,-8.249772004557569,6.708162421827637,1
40,-9.050777186613633,6.910091377316772,-6.780610973706276,6.370954603659822,-5.626160045789732,-7.454025748319427,8.318239511196564,3.5342633691521517,-8.74931565714889,7.081320747800879,1
41,-9.545235824472247,7.668078183511118,-6.408396122826483,3.983584684440437,-3.9334426892913257,-6.626797706037434,7.8782233724764215,3.383340263704267,-9.792227679322444,7.475312322878911,1
42,-10.252678819621703,7.671237376162515,-7.037146715551061,5.577324207902057,-4.950234996985639,-7.22129094812912,9.32452384851215,5.046748901891579,-11.455170980523775,9.45077246851612,1
43,-7.310313779195822,6.264808042229057,-5.765881128832234,7.400767371125062,-4.3329985605975,-7.022707431870522,5.752609386138599,3.5897965270481462,-10.377912524497123,6.683984950656685,1
44,-6.8841138301373554,8.328067719219025,-8.416768112073589,6.911222781713158,-4.178867443917613,-5.89041393856094,7.859149635037845,5.131134468612911,-10.255499081566471,7.389965044358651,1
45,-8.46910040644562,8.563136833576225,-6.970715328049759,7.1721648922321855,-4.455579948302336,-5.942252102632977,8.669271684060678,3.3951251013838757,-8.897480200143628,8.162391989334429,0
46,-5.690605648212857,6.848181767994056,-7.454149386023568,5.185370897634775,-4.655245751779958,-6.3455213724149075,6.462496546070696,3.2095954948216545,-9.225779808962768,7.6693630856074755,1
47,-6.920360888432577,7.113256132371024,-6.332195218992219,6.3816473197495664,-5.8840656648197385,-8.318918659905016,8.071927878121983,5.292066039029587,-9.683768135877786,8.704076486154007,1
48,-9.295511217481392,7.720229616146664,-6.530156250551014,8.412430160775966,-5.56980383986743,-7.774855028226107,7.680185933834415,6.721133904456242,-9.385185181589042,8.219644972144687,1
49,-9.407585965677372,8.29924623783852,-7.844627981767652,5.305740924967837,-5.1595477829239895,-8.692981405516159,8.27503277317839,4.755397441007115,-8.373538330478185,6.567801336209118,1
50,-7.5717033459026775,7.130428870385651,-8.283598625032345,6.8241166328265,-6.117960939095225,-5.815551417856986,6.6538174926326175,4.012606508506117,-9.059416843417496,7.587831086829714,1
51,-8.75151693207589,7.3995827489269645,-5.367630535397233,6.4687399147923355,-6.108151886800132,-7.158248977891757,6.298778685932904,4.218593811517812,-8.545698580849841,8.248754249218264,1
52,-9.177477964915141,8.47881706354163,-5.690828121136737,8.000789469865628,-5.363759902302216,-8.97500257307076,7.76101587381165,5.309322962658236,-8.072192678259071,7.119144497485873,1
53,-7.897246415071374,7.188298952945067,-6.983940686406814,6.772943180062019,-4.53579147698478,-8.714235804601916,6.7364901033234155,6.151453958960348,-10.961543119974449,7.863813468214639,1
54,-9.678966906279356,8.946078077343005,-7.227045157694977,9.165304706883852,-4.547123303656722,-8.583250529028357,7.01203098406408,4.235259001319983,-10.549770270091985,6.386399409716976,1
55,-7.680068500297913,8.353938509874554,-7.168416969615144,6.882865654261066,-5.598796905996985,-8.109251991539981,7.629050776524835,4.109925133122599,-10.99212838091659,8.393822272539282,1
56,-7.292875385069099,6.421391499048137,-9.892537508658283,5.699439790517702,-6.738646061355231,-5.926227509402496,6.775455862991712,6.732811835002061,-9.38576542445745,7.252840875376225,0
57,-9.099082841282328,7.730073153757205,-7.3128095667551065,9.263032658717446,-5.323564594600895,-5.252849105880216,7.894868965485773,4.086709020750877,-10.204559963761472,8.266478022693063,1
58,-8.387564434341323,8.751476381820709,-6.3591404433249625,7.525042787375078,-5.790162545871301,-9.166085426149134,8.858667611658658,3.878533353152407,-9.024836674878525,5.959920434821746,1
59,-7.201770329176082,7.268227325167787,-7.855135477382399,5.341207134111645,-4.668286751051884,-9.716580451808193,8.528855877668386,3.740732250221639,-9.691401818157733,6.616995489259909,1
60,-7.943481885828816,7.487072591134886,-5.642529611514252,6.292421893739597,-4.592636907293848,-7.529163672195351,9.40029794066027,6.990388495412992,-10.991703692953827,6.9425838051010675,1
61,-9.533247518832926,7.123499118787779,-6.426156911500765,5.343000067069894,-7.054795889267124,-6.246051764651408,7.316112148482179,3.3492349995905855,-8.754400879008978,8.601123161709,1
62,-7.635780017952925,7.889821484912869,-7.198156797568732,9.015378956627986,-4.935773827974763,-7.990167979082943,8.35566206939158,5.759193100966809,-8.641120048030372,4.857469008395412,1
63,-5.98137281923178,9.121471961227732,-7.149881643159628,6.538616492146187,-5.885943166421633,-6.219996581837285,6.487584596786803,5.381280393802273,-8.19612518317337,7.841025765700284,0
64,-8.923504984101267,8.026200299833832,-6.587638788759806,6.3173983366801165,-4.3053819801129976,-7.898849279057328,9.316049570617503,5.456441024807475,-9.052881680719283,7.18165472251294,1
65,-8.649827813266246,8.185639889134618,-6.952821317746132,6.1544472351110215,-5.158374012512195,-6.285340184313552,6.691046764172051,5.309673052580228,-9.728195184395343,7.443123279336391,1
66,-7.592818969441138,7.492612263052485,-7.817112915981155,7.312772537090914,-7.195398910381881,-7.077923735600388,6.0532524468100934,3.4059329275071937,-10.000523848795007,7.819058326488895,1
67,-9.417218474324011,8.506255308099142,-8.378686252631216,5.065659866428968,-4.805680629767781,-5.994201058047727,8.428522455110874,3.9970141489444644,-8.229428099473044,7.521697949011889,1
68,-8.672470802909968,6.73632342084238,-6.738083061245479,6.882340370788778,-4.559417820058158,-7.8697110717340015,7.2233939407118894,4.289083465451371,-8.72310977154957,7.344089975498721,0
69,-6.7368121235133,7.205603157127325,-8.511818896915763,6.172840720890349,-5.067661010036175,-5.002154462407383,6.829743692747073,5.0983393110369795,-10.006883318934863,9.322261721561127,1
70,-9.232628344133134,6.808366163512591,-8.84325477394334,6.637609354179828,-5.478262476809992,-9.082961844464737,6.275022495519508,4.304457020392574,-9.309247365566794,8.194082685235045,1
71,-8.933318358426407,5.649880667547025,-7.141297956591439,7.619952218817352,-5.025796809915191,-8.106713184306944,8.620690243936743,4.696524222041832,-10.770882292802352,8.18909884270912,0
72,-6.969858882553051,9.795480600477978,-7.402476865369236,8.72410731626903,-4.438754982389034,-9.528556501856444,9.86897918092755,3.686432515205344,-9.322699398272189,9.63712678555256,1
73,-7.20237400393817,5.820379577574415,-7.830215932887443,5.27110367372705,-4.096722952839288,-8.453025743442232,9.036221516025376,4.40246296822966,-8.887587305298174,7.152317217348773,1
74,-9.807689981728663,5.747727601938038,-6.5305493263822285,6.086771545161831,-5.418834696183654,-7.954147525560974,7.642798363511372,4.772906009178609,-9.609797400961755,7.805945113789856,0
75,-7.75422042686194,7.137796615370889,-7.030816952775338,6.530139944393878,-5.692851782125266,-7.539136896473178,8.507303795839062,4.087943820032317,-9.536559180377225,6.774337018877149,1
76,-8.125777935266145,9.165591816611098,-7.396975925245206,6.910468747839207,-5.107123767380516,-6.777854188968805,8.016277558505267,4.809495787732511,-9.287737238425017,6.440256179561688,0
77,-8.908473391996836,7.18320031102478,-8.33929309886098,5.719297454001975,-5.0276437794330615,-6.640435737552462,8.428027050178056,4.526186975622387,-9.98993379424112,7.560786877441242,1
78,-6.7430413205237985,7.8417793619874905,-6.797890918723025,6.806847002586722,-4.234800998583776,-6.172205899804061,5.657384410686934,5.464693702296073,-7.799700753723295,6.395590222242158,1
79,-7.841043745731277,7.994529750028426,-5.812647884690934,5.174081067974822,-3.758228041576028,-8.499212885969506,7.242998366460118,5.12296476722112,-9.300839393162374,7.454416546963323,0
80,-7.642958779203005,8.8560591409502,-7.943005550471925,7.304511787380953,-4.298913476262402,-7.327486481377754,7.917012749746148,5.327928922597904,-8.625198050455607,8.139546327107425,1
81,-8.426438926528093,5.703613959096035,-8.22094126632714,5.547234745782396,-5.0192945947879135,-7.064060105114762,7.425551835456652,5.183164599046801,-9.558006323738283,6.6151450623802,0
82,-8.095310784647962,8.526463127674253,-6.664733672928442,6.162121847884217,-5.364812331686737,-5.91228771382247,9.192348906526863,5.429942296981308,-9.117333025589275,6.3764954215940595,0
83,-8.359583429515737,5.928133090932828,-7.491157721235212,6.435571444296158,-5.781656251979031,-9.662188657743883,7.979733158078867,5.375792227977445,-9.902632627966055,7.223351758120237,1
84,-7.658237097591546,6.808616980354389,-6.082000963303486,7.496867246027885,-3.942172797710999,-6.997146822654617,8.548585610218431,4.690640976761555,-9.550815370181397,5.648280389361117,1
85,-8.47302508262199,8.978016170443155,-6.764442630909172,8.217047867449937,-5.701824905172463,-8.041571609295934,8.378067661946625,4.0825861780097705,-9.27415785864196,6.747153249486259,0
86,-9.196650459929412,8.807295587237673,-9.051065384208435,6.346355733766552,-4.221150689770553,-8.670764411183475,6.603309815618816,5.3284198393948765,-9.232013688303297,8.72752502675582,0
87,-9.644673454949077,9.617232392175563,-6.829474389872004,7.3049059758807084,-4.783042660264611,-7.710575843306248,7.658071939687709,3.4014646178354035,-8.506940738195922,6.626923727737024,1
88,-7.885542723242019,6.661099841016158,-5.979394477176285,5.274705593268758,-7.127758364194025,-9.237776849672716,7.722987154879571,5.278052006725463,-9.4732898941659,7.853988944512642,1
89,-8.438191757881151,7.082678007769563,-6.977182528152692,7.53223593399702,-5.4792466140284235,-8.111861378764496,9.874453149804527,5.289862000682994,-11.7365801884302,6.79110104577753,1
90,-7.941628955994123,7.044021383777,-6.103368321075845,5.7276734483546115,-5.223959928454317,-6.305877805233468,7.134630552683362,2.4130463018758013,-8.308880832913317,6.50497689215012,1
91,-8.021835744724351,7.842226593481542,-6.425216445882706,4.050239246011159,-3.538676624669505,-7.3930024903569755,7.507338826662371,5.248624517401339,-8.98138380841023,7.226385274869552,0
92,-6.433028909101338,5.942704050989381,-5.804405482735,5.210223550457249,-5.937319895814716,-6.053425722391649,6.997832648876941,3.1247079082768554,-8.233230541180166,7.121190526338033,1
93,-8.02070531323417,7.909739626583135,-7.1495981439498495,5.957332308216983,-4.7710311137214525,-4.706390776291227,8.513754935928457,4.68351811247727,-8.563434192755913,7.165779837583486,1
94,-9.04003108485499,6.707167529044091,-7.704695123415536,7.0898687140808745,-5.271931658370252,-7.776026075079255,7.077675662644022,2.7560681341126214,-8.982125612326826,5.871513213172065,1
95,-8.576947936692681,9.179963175343456,-6.582047834598496,5.844483478398921,-5.427193359300339,-6.322613153557197,6.415095739608022,4.498942147019195,-8.802491489089336,7.683790521843091,0
96,-9.121074944733634,6.297703979483812,-7.310297653713352,6.669615891494341,-6.354840759538621,-6.854159960983014,9.22622853318053,4.36551493116742,-10.75743084510565,6.01923691492882,1
97,-7.276031996608907,8.36982488346138,-8.811036241138021,7.921361078388178,-5.6200673058406725,-8.452439519297016,8.246577432768136,4.545732215411106,-9.946100482646571,6.521835530680925,1
98,-8.871686504312434,7.921786112196739,-5.825396693297414,8.35294630831013,-5.7980921133506405,-7.441251462802835,7.664114895443698,5.922012665423177,-8.967520205674617,7.7234536431050484,1
99,-9.5734957748755,8.702919600335148,-7.49961937877346,7.140160128603647,-5.051347300454299,-5.4166880514359175,7.267281295546359,4.504590282337499,-8.173024788498232,7.204444449832162,1
100,-6.464972662151016,7.567325200495072,-8.536945699055156,8.703142716128783,-4.93159311568952,-8.729469866040748,6.560933074314505,3.326975041152812,-7.624886305101522,6.993766181110808,1
101,-8.666347265223703,9.163200188256862,-7.758368207033724,6.072325963120143,-6.674747643540642,-7.005679954868728,9.236062646506259,3.585715817075687,-8.96714606513017,8.064883548216367,1
102,-8.616958028234915,9.999905716743523,-7.589186412250219,7.100983569087184,-4.932115995790181,-7.757117494918112,8.125602158841138,3.574939724109693,-9.182991634943132,8.08836673550272,1
103,-8.789788863460599,4.694841641890882,-7.573326906817721,7.9532019966111545,-5.6848103309048605,-6.882682446596853,7.143004369774236,6.518454578550588,-6.4927932409204265,7.931333438885046,1
104,-6.07258998424947,8.21427244301102,-6.856815116321741,6.946877025981332,-4.311101126760127,-7.975452876533028,6.899486794741419,6.3327039709570405,-9.342985242756603,8.231545969515405,1
105,-8.417039359065559,8.577511808653076,-8.504828485750084,6.423812968974897,-4.265763108376082,-8.953777218326584,7.332398164107239,5.400935025973624,-7.8218408271411874,7.527183998283568,1
106,-8.659277237969485,7.43919703821348,-5.554985971074846,7.110091662109023,-5.902173131939104,-7.13986561092633,6.621336945270805,3.576547552542483,-8.042607101272944,8.276270395749085,0
107,-8.229738445915583,6.505471617600426,-7.289810874670848,5.868670276781216,-4.5251600206812,-5.6416447132154115,9.28581648551221,4.548056813087832,-9.998104527771831,6.140760123109826,0
108,-9.393860344776598,9.317689119011122,-7.756818864444658,8.719811186847856,-5.503530175348299,-6.114973297252023,7.346575588240318,4.29750901646574,-7.139099354482141,8.39362617245076,1
109,-7.0288429232183836,7.596248547317503,-8.553429562940797,7.770363151191332,-4.855080356028118,-7.397548484151489,7.650095438818777,4.631055923751965,-8.171967999927757,6.470396670542284,1
110,-9.455620708044497,8.95679784211618,-6.1147869145898746,6.024295806925776,-4.264907728745001,-7.945712547406753,7.217064122939602,2.7095918960610064,-9.016927272880379,8.286451734794857,0
111,-8.267544503837168,7.184179748702295,-7.40772817306884,6.6967533709170475,-5.211283738677821,-8.158473045330332,9.806789986264658,3.7332276213324485,-8.72682953657292,5.9189145050835394,1
112,-7.672663109184332,5.408578073378181,-7.163476760116853,5.602524553871422,-6.740119843316652,-7.198141614301084,6.944202582147857,4.71601497611268,-8.176581928297558,7.582966315557175,1
113,-7.694714474927499,7.999418359740702,-8.977169134220166,5.8954161027751,-5.021063750883186,-7.4887668519966075,7.415236271419757,4.314059212396353,-9.029847739944104,7.4156342689868575,1
114,-8.791469514248819,7.971464636733708,-8.075939859696202,6.443127859374546,-5.7931700892798865,-8.302911726685695,8.464179060886574,2.8533810750371376,-9.720678270260663,9.879079650435969,0
115,-7.280025539483622,7.196872919923992,-7.709605843522166,6.761313221412127,-4.327982913578954,-6.539238259912479,8.646510880252936,3.4933314378416833,-9.311911871572674,6.803827906881712,1
116,-8.919022390307163,8.833786250829043,-8.330378072758883,9.236210186269785,-4.915347042272819,-8.058448654200083,6.23998324928713,5.130485200180689,-7.774622935383313,7.010075199835982,1
117,-9.560512923650958,6.145556945214516,-8.97012966772341,5.924540111893822,-5.575695018720894,-8.159576312261883,8.552014279451114,4.537631783806453,-8.845210135087292,6.939108730840011,0
118,-8.719007423187024,7.076052161418933,-7.480810913955608,7.816246706741518,-7.611157778427499,-6.828989987297015,8.454488548449943,4.018602714337777,-8.882397608690988,7.968079412336727,1
119,-8.560065486369627,7.393371564747363,-6.813736646894301,6.611496775148387,-5.4810093886570295,-7.678304047011566,6.822680611955539,4.592001750762874,-8.287986823996116,7.80857173235669,0
120,-7.496593239578602,8.39081538408815,-6.0577090700113025,6.794762731733738,-5.052551604491912,-7.6865097677466405,7.97139314359497,5.015891059505573,-11.109452875530728,5.93985556556085,1
121,-8.069181311266146,7.220148445223902,-7.281042136493375,6.5032847203219255,-4.562657799521066,-8.203675227043005,9.257582230584235,4.151289828191656,-8.46314143927164,6.764622267163831,1
122,-8.769724663506638,8.452247081688103,-7.610144813395697,5.460813285118832,-3.6426027971957002,-4.63232521609007,8.664024699161914,3.61856809798528,-10.145899469492761,5.7739261753240765,0
123,-8.545468563662762,7.242263151993894,-7.188167109435069,7.406676314848412,-5.324046261474704,-7.477917982812049,7.5728977708568985,4.107307014452241,-8.21245922346885,8.360731324108254,1
124,-9.448535718445278,8.215629326460727,-7.206397391676544,7.21088918624701,-6.76585711272286,-7.641513200819325,8.987196799560165,4.350958398990525,-8.073754778845984,7.028947205529742,1
125,-9.761340029199681,8.173952497583013,-6.584409195154894,6.258444751896658,-6.451452187914594,-7.657208950411355,7.908435067770751,6.217473212755596,-6.914757329947932,7.3594717034991435,1
126,-8.350253504764874,7.373246305850248,-5.8940634249685395,5.349454227833635,-3.703682087217845,-8.054684267536285,5.7018195330394565,4.496618118846295,-9.267044822857056,8.606537917845124,1
127,-8.017536605039336,8.579872836855207,-9.554779865735673,6.424532640917547,-4.642740916348611,-8.046964807001036,7.3438189804215845,3.4290016188987194,-9.626348945086638,7.274246851631613,1
128,-9.804818046635134,5.446859457625858,-7.515538814513153,6.421953554188168,-5.381929412930981,-7.934540814041599,7.1671482828328195,5.424438332327719,-7.823483644230321,8.658054629887546,1
129,-8.97841025012955,8.23289950241181,-7.167269004476254,5.617202508220265,-5.002640228332513,-7.552176206757837,7.732901351932211,4.557008392711564,-8.504929508116039,5.508219398207993,1
130,-8.904957111629866,8.325481300165238,-7.572978154346201,5.75393906324803,-5.158995137091052,-6.610236660415712,5.236204377984315,3.688795231309467,-8.673555879775641,8.238584725803294,1
131,-8.752709128006703,7.722798909900217,-7.847268676885892,6.663527566823484,-6.02602227767317,-6.122994852366558,6.742862134754242,4.8903899952735586,-8.029059302036044,8.115270810460892,1
132,-6.8806262151165,5.96310232760376,-7.489049608399503,5.928396817364396,-5.154609678295403,-6.1517583210096145,6.87436490471341,5.128070216694246,-7.8504200809481395,7.2824553825918175,1
133,-8.386953422996832,6.421612650260292,-6.901556995252468,5.594042386883704,-5.995913025542473,-4.842310140267894,7.683198434600736,3.262119797838647,-8.965217176787018,4.998780275664378,1
134,-8.283860536763846,7.7940597709187225,-7.069462184344099,7.623045678174833,-5.234243887471313,-7.845178115114994,9.01040010663013,4.472762005376733,-9.694868196287874,5.89747433405735,1
135,-8.579054979822997,8.210027881869625,-7.970637837515981,7.86117466125682,-4.9038687115123905,-10.333877463036826,7.81758006014915,4.399086602044324,-10.309171463203512,7.971045569311362,1
136,-9.780191724541499,8.97161682017011,-7.476205244191667,4.574080460689098,-6.476312419011229,-7.232205633004555,8.389977257784185,7.3583897661059074,-7.926200553821682,6.808358339721338,1
137,-7.303473684314368,7.362999617870021,-8.083501863765333,5.4063656502067206,-4.7602389515084,-8.025675509998525,8.790103897395344,4.491271942484438,-9.357538904536343,10.337864154853323,1
138,-8.171937616826472,8.04210392442992,-6.7681410638840305,6.829352686888307,-6.35928669858203,-7.572123205891522,7.218655513059549,4.936107090426041,-10.939817617982028,6.175269512979898,1
139,-8.347763136572382,8.448380910064783,-7.435120675931185,4.3836356788919835,-6.0807324600820305,-7.175717770061777,7.3813047736001405,2.6096724856018483,-8.227846849348868,6.381257910122921,1
140,-7.672130889607736,6.830087361581924,-6.749959261323224,8.077160032346155,-4.232918825127177,-7.5015661557995115,7.13543458619468,4.408026097872767,-9.136925700659434,6.209796310805162,0
141,-7.444725982956451,6.819218689726025,-5.338653187021629,6.622328908477173,-5.253006242233925,-7.916348333815508,5.375743279851802,5.418445511616941,-8.835778409405751,10.336343349303618,0
142,-8.37054547867917,6.741951767968443,-7.617523440412158,6.3381908759362595,-6.94663956867974,-5.987575732546519,7.247857118354346,4.696104221132527,-7.116158985337691,5.299733826061738,1
143,-10.952491406572548,9.296584485131016,-9.470077902113978,7.982736849580529,-3.4710038066170963,-6.740758355077405,7.416604883554501,4.598306326023928,-8.6595316306132,7.002983509889446,0
144,-8.90419111994228,7.772191156295118,-6.939959179320875,7.372445898652045,-3.543897205916812,-8.055507844030979,6.4062856160659365,5.506243257462683,-9.58436139407968,8.137531689549336,1
145,-6.408122474895691,8.835800906161767,-6.528960329657381,7.210142471938868,-5.253911242162423,-5.584395947960615,7.133344567590976,5.619042573313757,-9.465075849761487,7.865174033442072,0
146,-8.435209788750152,9.195921944815394,-4.8942194694829055,5.761348193277193,-5.9244413512435266,-7.319768790070435,7.152904599556763,4.557997718531022,-7.709358031519001,7.898568324313841,0
147,-9.39174085929416,7.97303091270897,-6.057352513221034,6.576550715864659,-6.3247310960893515,-7.28724298680185,6.429450675161252,5.016683902148632,-9.232128578863906,8.543417148971054,1
148,-9.03608563822352,8.53618146759781,-5.867116387500087,5.909786701314604,-6.802346540187851,-7.6336692616207875,8.57108528282578,3.6994761381487007,-9.685689667237552,6.947040243058888,1
149,-6.3921898586815225,6.7956394251065575,-8.428556158409132,8.37134216389803,-3.483135819513749,-7.074406500401546,6.456222453813734,3.4351653778781275,-9.244014556836856,7.598138272833939,1
150,-7.753010696103071,6.657714452567735,-6.756389274316162,7.769591346658377,-3.975774906485396,-8.659577194366538,8.478035842116828,2.994130259356412,-9.767044234754815,8.179266005040697,1
151,-10.788672496561656,8.519300029757916,-8.054878865445298,7.5246671669055125,-7.763824509278367,-6.627240819116998,6.476313470177445,4.67537562274847,-7.883979005509294,7.697280053778862,0
152,-6.8774853215688925,6.519729923457421,-7.32444082693444,6.62707285109951,-5.850358443811812,-7.512113738193602,7.323254004598514,5.368957611958029,-11.524349511544699,7.928910159970698,0
153,-8.492744718591956,6.777445867415642,-6.432013123281553,8.922775440030557,-4.791163027400472,-7.388785305146089,6.240750150181006,4.866954092462168,-9.23664649012201,5.468410502203376,0
154,-8.720505104240113,7.7409382272277325,-6.45362217934924,6.393104630453434,-4.805782543421016,-7.9206091892486965,8.668576745036326,6.055254936618673,-9.506939240546538,6.232191471576755,1
155,-8.359576974607176,10.0167919469312,-7.318997640406115,5.857942899022081,-4.54402277122893,-9.050369867999997,8.296522066344014,6.2098693863823184,-9.901138349811704,7.630857579614617,1
156,-7.951772006821697,7.975869016930741,-7.584118590423274,6.119228490675786,-4.634916456190479,-7.603670351109192,9.507847876317529,4.008190265008562,-8.017684129715775,8.657578504353692,1
157,-8.068637591155712,7.844483132733147,-7.080932272059272,4.991828125688428,-4.449821944669428,-4.962896116719781,6.470879859061043,4.5147479428056405,-10.88146002274689,7.901514856968435,1
158,-9.441871377013419,7.814667551355637,-7.58789250866961,6.200573925477401,-3.2495794971518803,-7.709136817023923,7.000162308629346,5.0447824603151,-8.628499603987633,8.4123796098339,1
159,-7.732323568129886,6.39468778018833,-8.668306869007901,6.33802199982347,-5.242483945772993,-7.714821913393094,7.6647033413120145,4.804015495597523,-9.645614486138353,8.28562081624276,1
160,-6.680563452046396,5.255055344127481,-7.5510078319550775,6.241517867277506,-6.236250246692602,-6.330387438079064,7.180115910879431,6.649767528502725,-10.20251463610731,6.995005325392964,1
161,-8.490747703368273,9.15023050344273,-8.092519989684607,7.040797774062943,-3.940715892524033,-7.4124555224062645,8.070394922385747,2.0318905767490594,-8.67055323637631,7.933056441537145,1
162,-6.744831366514712,9.094770846268084,-7.037226158112844,6.525486086153353,-3.694242373292585,-6.156419827602694,7.773188245629751,5.197981097524938,-11.307154908473361,8.400105009354249,0
163,-6.02300066936139,8.423770744451438,-7.276298844009419,8.457298805132314,-5.052445596285637,-7.769930511114204,8.991703508920528,3.3949819286860445,-8.691868183215778,4.420220604877387,0
164,-7.211340228936628,7.282002181863323,-5.172851583527182,6.673199981829972,-3.6766737568366956,-8.40188219465021,7.108141557383731,2.932122491895561,-8.76266810654145,7.441185533678998,0
165,-7.506940372752571,7.418437471265357,-5.875462973798827,5.711603702360147,-4.347941002514842,-8.201708940401712,6.634675765820507,5.914604186130765,-9.30285685145009,8.607012489731563,1
166,-9.979586912473767,8.241013456659093,-7.724256742409876,5.738815427052116,-4.425309260563897,-7.021072478897434,8.190282807503733,4.294541535375861,-9.516973983255912,8.324683143591107,1
167,-9.719716157640173,7.475945902625933,-6.328395057310599,6.212689923385776,-6.430610767817043,-8.65390398546103,7.868659227222808,3.3045368846615064,-8.780424112098242,6.407326930470209,1
168,-7.084468592352757,7.631581919751867,-7.419627162410757,6.643519852270766,-5.060993233603938,-7.791696660478417,7.545087475901407,4.653879283471989,-7.866155509196928,7.599428446265674,1
169,-10.184550085203428,8.009806276617056,-6.708197846352683,7.0432891887622056,-4.748116113901234,-7.019546459950123,9.027179771103507,4.836595162748973,-9.767313965436458,9.061228587955142,1
170,-7.6217928221927655,8.043011897733734,-6.483671260995948,6.635171917769806,-5.79506416462311,-6.60552886846565,6.9832006943869365,4.942386825015982,-8.803716994538735,7.665946647896385,0
171,-8.880147904278237,9.191068785840134,-7.142269925914781,5.912000146449774,-4.964995134249693,-7.249848237205357,7.81696970190329,3.987472304020728,-9.023863588765241,7.34276840855664,1
172,-10.21934670493099,6.926717119718296,-7.164973056354149,5.984574018427526,-3.788187836362901,-6.715487690972051,7.875088547828088,5.068923826994496,-10.219786830625946,5.89623477503169,1
173,-9.082849192583101,6.537314893527936,-5.880672979391149,6.899405274185076,-6.717806395776002,-8.378324390603428,6.775103098966909,5.18456753708395,-9.67796793875041,7.390995758405346,1
174,-10.152857645200559,7.721599093530425,-6.7896366478293535,7.06895577396759,-4.2266065815018,-8.845038657142968,8.312648450077091,4.821155310016853,-10.323205212252871,5.750719611600803,1
175,-8.347102602567926,8.743749475910803,-7.900512623527733,6.6870893882642415,-5.253045708916914,-7.017423345026349,7.275050345665229,5.1700092638460315,-8.349734265445317,8.406093095464,1
176,-6.863272767201643,8.151294567911554,-5.7534678022937875,4.143487353101177,-5.587684099577738,-9.794904035427425,6.6471206897742015,2.916074525374036,-10.627166347308235,6.526365391353229,1
177,-9.748032554970571,7.82346879709337,-8.023378282482897,7.022410791529769,-7.021750045248053,-8.776093362976445,7.493530513162148,1.745299334076512,-8.32291607941616,7.430145206965215,0
178,-5.922392779406692,7.964405435365816,-8.819790764496982,7.589242541525644,-5.078492291508703,-7.077154365964619,9.884547928850976,4.705556425049862,-10.645126415686056,6.32746486644605,1
179,-6.956959040653971,7.982750369088948,-7.133293343185054,6.95025509707173,-4.043496621098463,-5.928394541569058,8.007729610372305,5.187815187629738,-8.7008470486651,7.520665588021158,1
180,-6.142297305135745,9.567414593099137,-4.52317019741659,5.803461500255251,-4.442434133348747,-7.940203607174195,7.202810456195191,4.962380007538811,-9.249165493059307,9.057740782738305,1
181,-9.953704003936735,7.313125675664992,-5.391655081551357,8.144891925636834,-3.3612430465814205,-7.66618066129364,7.11377641027493,4.942021655588992,-10.337070014582096,5.851377326796684,1
182,-10.611552473496761,6.85030554141383,-7.706475969308166,7.4583765688322865,-4.979118687405316,-7.650793642887748,7.005578001262789,4.439593143855482,-11.483850552863556,7.6064679511106545,1
183,-9.954441431104746,6.216626731405354,-6.995612423471901,6.409054855836225,-3.530899558721172,-6.214334425876025,8.871516819039497,4.582587617075848,-7.689996891574006,8.159409954349282,0
184,-9.886922208405963,6.382100576436518,-7.366519821157051,6.4438300373717885,-5.657300778717676,-7.228160753473571,7.0929553371904195,4.398569719742099,-9.818032682972678,7.556348299049478,0
185,-7.161763814399885,8.661668698054442,-6.515023037591831,4.209938763281869,-5.433440066685928,-7.942376927711756,6.290317132001128,6.256133922188987,-9.766773883040006,6.679301602307768,1
186,-6.467176301654256,8.072977489157124,-7.006960893682192,7.598766642925313,-4.8357148147121425,-5.163016616338373,5.829631769110603,6.024363035658666,-9.677522695587529,7.059344781490784,0
187,-8.808629365726139,9.011249312206292,-6.714342666048363,8.234662667535792,-4.227984101344332,-7.327787169404782,7.815250864080754,3.5865385612158036,-8.710622883627792,7.349850361653722,0
188,-9.23539035909067,7.504477628558256,-7.980400244020164,6.6903260543910195,-4.488271291362536,-8.076170246323326,7.847143620511939,5.657766814004856,-7.6821601484818585,6.52208176734683,0
189,-8.15831477476379,6.986075612781587,-6.985153992721424,6.317596494245645,-4.940365075687129,-7.760074564669663,8.913619242347046,5.7900546242234565,-8.6033899551646,7.6391753814211185,0
190,-8.400699908068754,6.9686193278112585,-6.96598473163062,7.1207352995302164,-5.282428328691869,-6.817535251116712,8.189579657990544,5.088895058280267,-9.832500047473852,9.230550233455972,1
191,-8.46875819922988,7.876182180982356,-9.276249980060218,8.973890952137015,-5.409719064158091,-5.750492425391952,7.423878557808311,4.287069325831615,-11.343892999568109,7.626079622166801,1
192,-7.6042361245022105,7.0816854955898165,-7.880999081995974,7.119355185049168,-6.416785821913997,-8.390883047465293,7.533931237291177,4.615820568168032,-9.470919488558764,8.616322024108632,1
193,-7.07766594589432,7.896103240987741,-6.592133527971694,5.715195986098824,-4.999738229160229,-8.628591509681444,7.249022270527132,4.466778186367681,-8.202116339718755,8.76968137106239,0
194,-7.68458323438482,8.402670546405929,-7.440030454691861,7.433669965160524,-4.771946237070203,-7.326210292915175,8.011858429759831,4.9733346743775755,-9.226747930229196,7.687284565458278,1
195,-7.3052615556579,7.680850648935736,-8.260038875701012,6.5490418660044245,-5.346286217806104,-8.347054043199524,8.522713077632378,4.53589970220784,-7.174432246325242,7.411797642204699,1
196,-9.087258434801607,8.580734075705681,-6.9443981623454505,7.260141718796373,-4.567295819718398,-6.799190154565235,6.766733436074965,4.098187813493673,-7.524273511033327,7.554347970626483,0
197,-8.495699079086183,5.6378619834073955,-5.817562477846375,6.833364133304616,-5.065037569350684,-8.393045462853452,6.444156498160688,4.001034096276771,-8.872347747707458,9.198725899388432,0
198,-8.789906880247173,8.28988928550645,-8.19142223605928,3.794828801669152,-3.4944833636135,-5.211891272417504,6.3405282300099275,6.002526614422813,-10.953250732666685,6.244071176129025,1
199,-8.729383066350158,6.951658010935106,-6.009942316567843,5.009097570447922,-3.581350360595357,-8.469710142380999,7.976500699887375,4.348695711348266,-10.303471272895731,6.476769029574997,0
200,-6.208912507010327,7.29561254930017,-7.010398846325396,4.924142295131207,-6.068751251646959,-8.037684490076424,6.633824969632765,3.5888858642839727,-10.326253613071165,9.887465661809175,0
201,-9.541344356550393,7.666760869257524,-6.002305716050507,6.906131326732745,-5.069508719929443,-6.245226620099755,6.681954169426652,3.21551730747289,-12.039718373022591,6.326131501017431,1
202,-8.842924847594858,5.113932552993517,-4.900227820163506,6.747910320135095,-5.746008867367267,-5.799091105360783,8.625220180306991,3.281254927166451,-9.530807580773144,10.188831720067288,1
203,-9.27319382828498,8.337867426544818,-8.074577073295698,5.966251547985381,-5.2305758192191165,-8.051763518993514,5.99393610381261,3.0663429442607653,-9.342821869396534,7.890769777085263,1
204,-9.965914461279429,7.909306296608877,-7.09967860763026,6.207874673164333,-5.268484754144576,-8.339978852370624,7.392524980693697,4.6759999962246095,-9.129704334588578,6.038227048080699,1
205,-10.638953688660111,7.142538259530621,-7.222868495957154,6.20071801769841,-4.774155835552033,-6.984235301128562,8.95767541926059,3.0547178718402472,-8.66747074115476,4.98246056104713,1
206,-7.859215501927785,9.23215280445039,-5.628575780263094,6.857580316933862,-4.7827449312786685,-7.577269703351612,9.619706406229914,2.7037388137301104,-8.702306376822431,6.8316465909356205,1
207,-9.764062204478206,7.654110632413819,-9.188822886952245,6.176453683016202,-5.202928232840083,-8.246329031578329,8.258463234999063,4.202075227927288,-11.142993341458261,6.946849493575723,0
208,-7.241912150674673,8.504220813737765,-8.306356429312036,8.406168714037141,-6.185411506894084,-6.444954628753979,6.911555651704099,6.074483825561176,-10.551389042978972,7.984891147351652,1
209,-6.87816609980897,8.06436739485405,-5.831077909556271,4.366226565517048,-4.304508639197873,-7.47854502099006,7.640965636971462,5.459671741638668,-9.032101713822655,7.727336384000358,0
210,-9.310913189960434,8.364046209996111,-8.596236675548928,4.996672431133887,-5.505402413447871,-6.890336669206433,8.780646686242841,5.053173665374324,-9.84455744641223,9.395575120608981,1
211,-5.454475251947137,6.959630260390177,-6.2245869117912775,7.656846520962201,-4.19361291891503,-6.720526692601474,7.28238166988181,3.7404024932306577,-10.476621708437783,7.920153292006613,1
212,-7.886330621795201,8.7018827032668,-5.616794387802329,9.467293358880577,-7.213166089659234,-6.8016710496589905,6.607787803599799,3.572227725115454,-10.878060423146206,6.065617266059677,1
213,-8.324117351569733,7.385212201223512,-7.4441875889910785,7.300470162592267,-5.649096083402606,-8.462750351711636,8.69474549509601,6.9485278382903655,-8.717812367058936,8.390682292607613,0
214,-9.571431473581635,8.177057576187275,-5.347615137417964,6.875730139200957,-5.008477509190581,-8.472664457125735,7.412017436827631,3.7759580797575176,-8.45495677664641,8.280756046205855,0
215,-9.13853454471746,6.170936170709795,-5.9493437828983975,6.796885898316174,-5.535409459974434,-7.268126735073738,6.5647692315593105,3.7856314014760275,-8.102816996400446,9.060196751928844,0
216,-9.40201493394376,6.376964216081598,-7.643635980545504,7.021767440640435,-5.6726782718833775,-8.082025641035779,8.465611757679174,3.1804491927197693,-10.024321144446063,6.697785948170482,1
217,-8.067511302380073,9.291276432565322,-7.865673655876753,6.000709697380235,-5.573479035178346,-8.542532192444588,8.30125701535885,3.9922552277602943,-8.889752386121394,7.5622226776693315,0
218,-8.381075832506191,8.276789954649,-6.455801828546131,6.040819014775938,-5.279950425204274,-7.2627469200059345,8.815974181147192,3.665180812603592,-8.123428326838612,8.360413642595818,1
219,-9.715390867658925,8.611271524201682,-8.417272968403951,6.4944704546517,-4.849917412672391,-7.510845301018531,7.729150759958626,4.8979521414961456,-11.593657098662087,8.687970938675877,0
220,-6.3688794431054125,8.39215830649355,-9.164354098468067,7.307697857667327,-5.177522860004077,-8.889600314162585,8.733384647655518,4.348318612949974,-10.991987918803286,9.705882162197105,0
221,-8.040721430651052,5.8172796490438765,-7.242280235314773,6.225599294364275,-4.814971266790025,-7.251411216237518,7.6182769724815005,5.621759137027215,-8.966960940728221,6.496402078212025,0
222,-8.531475566300687,8.911164608651593,-8.381457759803816,5.428244344414228,-5.7952991322543905,-6.595743852307772,9.289126123396699,5.453601520820141,-10.212056141365426,7.8027196901406155,1
223,-6.841274369592776,8.638885393697848,-7.548813122639411,5.872065522223449,-4.12262674142365,-8.114466553228189,9.58538572240263,3.74052245907896,-8.143842538072224,8.73775780412046,1
224,-7.954334522654191,8.40309582669877,-7.515958851724993,7.434717288358354,-5.9004012266733765,-7.739940364896998,8.301512304448732,4.778945126201701,-9.717187859270343,7.318295089493379,0
225,-7.655893214651805,7.179310045267487,-7.546548758455545,6.734114377705803,-3.9139995737060187,-7.647667839453462,7.802178128816057,3.430329367382258,-9.22283073868485,6.467721574520342,1
226,-11.985290354792566,6.068663758220616,-7.110010267131102,7.436008596280951,-3.5073663400392805,-7.674906303644527,7.504481648255674,5.358814029796545,-9.14224855812678,8.13203035495683,1
227,-9.2004751166231,8.163557861123671,-6.324204206433924,4.1248674272535935,-5.559317683156619,-7.564736026730522,8.705888233304075,4.386058399883965,-7.460307547396624,7.475969192306818,1
228,-8.012512554597546,6.3049517874916585,-7.052817846145568,7.358497190253289,-4.085464824994448,-8.106782388850391,7.878505337132557,4.663058986257123,-9.109875902898244,6.648170567355129,1
229,-9.207325391415536,6.464407183490338,-7.318240262550988,4.55900515668481,-4.707728609649484,-7.61160389114079,7.561446957751447,5.217986120698755,-8.98574193392343,7.878012716165474,1
230,-8.46231446931129,6.244957991370403,-7.362139756928936,6.654705594102977,-5.31045187580134,-7.048010887416341,5.465378529761866,4.180293613319839,-10.512563257981519,10.05106006588082,1
231,-8.906961015519355,7.924829502458434,-7.877442129417556,6.489776597520006,-7.0015767966756455,-9.36943793897914,9.026378339339463,3.094512879843842,-10.67734814336204,6.160980674860646,1
232,-8.369707978599381,8.291965720773687,-7.870849607217112,6.119133907498561,-6.281494893498639,-7.334395727137309,7.754016544608542,3.864999707453106,-8.140354027361678,8.732457400071805,1
233,-7.813661356070366,7.789048553586367,-8.18175884696679,6.974198862183172,-6.08446161231564,-7.558333300826114,8.548587808521539,4.649967372439819,-8.323142722303622,7.780915970279129,1
234,-8.058074352497522,8.106654048783314,-6.537103046721524,5.727639018227144,-3.897865104367882,-6.056057200350802,8.247152814096843,3.2783319302697898,-8.758562921778289,6.242532004534296,1
235,-7.362509460884471,8.014922744353674,-8.845865343629859,5.502840062626066,-6.04830011621378,-7.650021259402924,5.935628394039315,5.171178929646152,-8.247606505603601,7.512946219893308,0
236,-8.211541355889063,9.186428387401712,-6.962373389644619,5.583138913470283,-5.076062736366246,-7.120744187973664,8.095006487007966,4.62414574809628,-8.969419440010219,8.787398300695536,1
237,-7.7150876212006905,7.74352754944547,-7.610261250014671,8.244893357455107,-5.342252139562103,-8.28387403156145,9.260250576331883,4.448335114398195,-11.310927907077795,8.288406215377256,0
238,-9.792240493199682,5.199588942441175,-9.135082526740732,3.758259860834379,-4.564532189401052,-9.74683297102355,6.5547339268618705,6.254146841560463,-10.205544207307817,7.186879988739015,0
239,-7.794497997987826,7.969759728084965,-6.173447863501013,7.374273575699291,-4.147679365001867,-6.661333805665567,9.472754435165005,5.705087717136028,-8.029949705498082,5.028990429528216,0
240,-9.167429235678474,8.371226742580767,-7.394706077608395,4.956429698676214,-3.8641455008872914,-6.830392247869269,6.918160871485731,3.8956785762774517,-11.210700924721953,8.29108903027607,1
241,-9.5982941177471,6.661723054623884,-7.104001230117199,6.065520307862508,-6.636130456051996,-7.488397728608088,7.595872495845678,3.5110558176968523,-9.048466069002043,6.779213506380652,1
242,-7.612595918848033,7.859267033665833,-7.576192418579562,6.15849520141163,-7.806405594976386,-6.496912712181538,6.9241024425616065,5.435763409053208,-11.868288774912855,7.545672725492188,1
243,-9.950709508278075,7.195176500093714,-7.884913611561526,5.675416560606357,-4.932275342875107,-8.422335621488676,9.75792932185555,2.9335067931812944,-9.804855496285294,6.943574836634544,1
244,-8.141594596745797,9.021687197319533,-6.63697131653431,4.938774185013569,-6.336555115420661,-8.566809024058468,6.240542049815358,4.487656220790169,-8.9244186466538,8.616927090544793,0
245,-9.242072699692278,6.805781061388413,-7.792003807053696,6.673955339265088,-7.069682363939546,-6.111217474081329,8.170282653124465,4.345473200511755,-8.259315156223893,7.984899886934916,1
246,-8.125000680718733,8.572177321054143,-5.772283784065926,7.6474499671436265,-2.925950008240191,-7.087147920333148,8.114266986060967,2.8082878490410916,-8.826109956880924,7.683229141168983,1
247,-9.60215684734915,8.853353421721469,-5.524851109910874,7.704622364012409,-5.807429724945117,-8.83622721175339,8.541067658872445,3.0520757641701506,-8.49791485778527,6.06757043023385,1
248,-8.183281258532475,6.7601325664802845,-6.072229416782688,6.749969615728791,-6.967878049799826,-7.808092199038907,7.491377669578461,5.579624964824593,-10.515468805480637,6.84102385034198,1
249,-7.872910302800384,8.555936674636065,-7.932615305271631,6.6876581283697645,-5.485013277176317,-8.225906676513159,7.000166397814822,4.506090388124394,-9.735077495114497,6.0984676511951035,0
250,-10.475460332275556,7.995324785209453,-5.681366747457732,6.174758655758839,-5.268609573237436,-8.166745732208751,7.611838009612139,3.7958569949763357,-9.69808596539168,9.49861519656775,0
251,-9.192690711980209,6.081765306009563,-7.304426450723523,5.899050424140906,-6.5087307687477765,-6.125272605415072,7.543484184306453,5.183041106514691,-8.510889435463268,8.939924793063723,1
252,-6.325453112830532,6.9800959554651465,-6.277187688847981,8.021088909014457,-5.778268690115504,-5.964101877042979,8.491646052346656,3.1393071227028972,-10.138495224368596,7.69336400759159,1
253,-6.873745884540552,7.563322918802157,-8.540685670328951,6.81367911350872,-5.51796646554023,-6.670284901613539,7.021203575097769,5.502663947851241,-8.520123578262181,5.569064587919007,0
254,-9.95928404689381,8.307954014567319,-8.546138844781591,5.890308958004867,-6.486650637036787,-7.183991044341106,8.385564605321601,4.717986518541814,-9.172791388112888,7.522191790005919,1
255,-6.802099622482247,7.81944243994513,-9.011206155990429,8.31700501378232,-4.299260148320442,-6.531157035166953,9.934087420726364,4.67538505267021,-11.372769645880933,5.6539410706804665,1
256,-8.474137238603163,8.406395129737675,-7.907846640115572,7.495250661661826,-5.086646659365885,-6.255352092566088,8.173333088244323,3.8613084360689176,-9.918286958735422,6.59016392449071,1
257,-9.265033905408355,6.956014119933794,-6.953343280606542,6.475077388322522,-4.1701671765320025,-8.99589566054686,5.479499054509545,5.193831917418384,-9.58507952842065,7.815067319689715,1
258,-7.598616773881013,8.493820510386502,-7.404184947015787,7.828258889879356,-5.695565493851367,-8.33993598468987,7.401717495812931,1.2712159484522165,-9.64598722995275,7.746259419037731,1
259,-8.544189922824783,6.535549628980236,-7.564580231106466,5.490737621761332,-5.8140310787159635,-9.302522598294486,8.322374294721753,4.7330107714055085,-10.132350856095293,7.114157450338391,0
260,-9.485126463983397,7.621702395686813,-7.2802348424063,7.581604961445013,-5.327921143339865,-9.192076870531256,6.843035020493819,4.494471715512482,-9.900404905634014,7.405749422400913,0
261,-8.421750393502885,7.5328438549374335,-6.370044990537904,4.796554095672202,-5.0711179664578045,-7.722386717703856,7.552772981096364,4.730782768769804,-9.048875872996243,8.128120319481209,1
262,-8.070637166631448,8.210770084651454,-8.03080021244338,8.179389763114582,-3.179833152863072,-7.090728783518452,6.961992898647293,5.910106319034619,-6.606159284059617,8.467366570573253,1
263,-7.911407302628002,7.100762434540403,-6.87731669592692,6.98893261089809,-5.426783371990608,-9.08250419085066,7.3005691095249805,5.399779481196492,-7.26383460252673,7.135791434945937,1
264,-8.205845957894137,6.785317707848556,-7.3216863547419395,7.1248386872587215,-5.694916509487545,-9.463061421843419,6.0450909106226876,4.201155383802148,-8.499124303197702,8.518866760939861,1
265,-9.090558794404231,8.435298820929425,-7.229195908330227,5.676305243676459,-4.41725416935122,-8.096562741920385,7.55158916394743,3.1851690941261923,-9.538835402634229,6.92925925677467,0
266,-7.4890704487269275,6.7654490695625835,-7.997091781131016,8.267011488291715,-4.401885342140519,-8.26184026845073,6.756029266298508,5.210691573445268,-7.554544314436986,5.9177180727587615,0
267,-8.62270494290632,7.9685597045870695,-7.669622746248271,6.265589680849299,-6.071542670274991,-7.687133979442366,8.90314124104058,3.5718714482310765,-9.165043191679349,6.524784679015405,1
268,-9.044997927542084,8.641929106053773,-6.666930132090313,8.238795658566398,-4.050952565515911,-10.05635109274647,8.968724489722604,6.127318051052506,-7.861512504677132,7.819132043739355,1
269,-8.419431649779392,6.7637556875345535,-7.463370147622455,6.321872894706425,-5.8661487287697085,-8.411193229253344,7.343830761307118,4.991342824387589,-9.546643777754202,6.718808142530772,1
270,-8.327923440495061,8.336538702475796,-7.356028380026636,4.532942750651135,-5.3198114258575355,-7.099540705940899,7.193585772795247,3.3879265234034,-11.090901667091442,7.930782853247682,0
271,-9.892141793863548,7.510838168630634,-7.359239880892306,7.0667756448623305,-3.821674584641595,-7.167800897115778,7.349416803680975,4.297117818569391,-8.62117899141531,8.512402871489499,1
272,-7.010718706709886,7.09385296331066,-7.049620475511237,6.629122233150909,-7.579379657895922,-7.310790320610982,7.10756336840023,4.086075696481111,-8.142514234499387,7.445116354859344,1
273,-7.966098516664818,6.533528851885481,-7.226908797774527,4.46705930936326,-4.536936264181673,-7.067878952982505,6.755466184466753,5.5992478266105845,-10.240363840248877,8.107059169218488,1
274,-7.926120420173599,6.7500723794792385,-9.373565579988844,6.547815161659986,-4.1353050454972795,-6.781784888890352,6.9587672361704325,2.742638345173816,-8.028240782303456,8.181741847137493,1
275,-8.625935139285815,7.6827904645278045,-6.813636012897527,6.37405279032317,-4.49387224079981,-9.828644755454416,7.384614941801563,4.390253943506528,-8.0194589409746,7.138023411959307,1
276,-7.603364117529659,7.325407469918301,-6.331174954938017,5.859217010135968,-3.1970771532311524,-5.4572202526180575,7.001082648594541,5.738439764205971,-9.111494446756229,6.901729326272214,1
277,-9.316870011069037,8.365636188604347,-4.998345522546693,7.445432598094809,-4.798460046968129,-8.596658314151636,9.024841562277253,6.121192717988707,-9.736745558833558,8.24834605643172,1
278,-8.012345378522022,6.614860420188441,-9.087783759895524,5.766595992074577,-5.76189148507928,-5.976171695393818,8.175849875055786,3.588160763890283,-10.975610217648633,9.692353923383276,1
279,-8.059760135701751,5.859501405508642,-6.971445336301188,5.155168185383758,-3.965669434112921,-8.040223589293358,7.865516303082018,5.449392949801528,-9.075691918679937,6.47412666100262,1
280,-6.462236384777997,7.7248006025730325,-6.716732299315379,7.6459350492305145,-4.021140801005373,-6.171182252643417,8.043492576905223,5.760193590199497,-8.399452915343284,9.218712563855282,1
281,-8.901754706671031,6.934423720254501,-7.339669436303393,6.385953637376743,-4.907301910529986,-6.215956351910264,5.320444871323198,4.8126207726153405,-8.894891370182329,8.066299463255131,1
282,-6.527541200522144,9.145465845517055,-6.616358411103907,7.843388179099126,-3.8781938427718807,-8.944745947833725,6.730462447867907,6.661617075928534,-9.303129367027546,7.302830053194812,1
283,-8.498303955848908,7.520830537224794,-7.645641759130921,8.235548682194441,-5.436950991670841,-7.874008598965367,9.564550106613758,5.356041617739125,-8.585682463298006,6.883972950081526,0
284,-8.13600856528742,8.549938773988314,-6.786148620129499,6.115651997393923,-4.820496873916856,-7.050692994802709,7.483268946145821,5.084951874428058,-9.886660695870878,5.4191047269600965,1
285,-7.794096636305763,7.607794743553131,-8.018957205180744,5.708307227214869,-5.55372367620211,-6.52281574516008,8.017793876298905,4.487004235675768,-7.1952322125829475,7.510612472785229,0
286,-8.584212619651037,8.283769189886522,-7.454964164401068,6.141015969130257,-3.54245031418344,-8.180458411243702,7.839379854934819,3.7284111315000046,-9.67842646672322,5.631399217662954,0
287,-8.037166744602006,7.17480922300443,-6.749576036451058,4.875421819634601,-4.543493025461038,-6.654334744567448,8.879726264002954,3.0646314360507856,-7.315980257396693,6.6353661739840675,1
288,-7.563026844407451,8.126961771119891,-7.206932122160061,5.1050152246293905,-4.512103672392504,-7.125326611496975,7.271292233979188,3.684786861109892,-9.37563088624925,6.643499617137503,1
289,-7.237883655827172,6.999598403189356,-7.1104542010621765,6.005612162986447,-3.890346373557818,-5.624669217697606,8.105388797684007,2.2169237868746143,-10.41914524568498,7.150755461984305,1
290,-8.569579684850847,8.858920821536842,-6.385361651679377,7.464156927832871,-4.477752589504294,-7.246364137689332,8.046254652478074,3.904568478023788,-9.558495068916606,7.444267086506728,1
291,-6.875463344785308,7.050078884228605,-5.963757096609007,6.844082157362238,-6.220341991936985,-7.442423837859722,7.12704875801123,4.875395166027507,-6.903159965526472,6.581778038148358,1
292,-8.870393630979514,8.282164098728021,-7.641897096993748,6.598414497591411,-5.696885513926135,-7.498032808807948,7.390779318344889,3.7454121964285036,-9.47201162165808,5.181101213789535,0
293,-9.187098143458936,8.500513064508349,-7.206546425711114,7.87178981057643,-5.7308562276521595,-5.592121706018626,7.632314739105069,5.995734583822152,-8.817613435948614,7.8845384132390635,1
294,-7.895608225033298,7.270191678461234,-6.222129440076389,6.3789737045089385,-5.638513176753915,-8.565199240206052,7.206849724299122,5.247072413032257,-7.198105706574771,6.490998221102995,1
295,-7.560414804174629,6.609818573470296,-7.168831327588701,6.623462336745182,-3.7226404202028966,-7.7205776069491385,8.671560813755379,5.698824249265947,-9.48762584276267,4.896801466773371,0
296,-8.173501233087993,5.320186549508437,-7.819042611507917,7.654435145245644,-4.866474301970772,-7.941850688041044,7.533966021418012,5.247993840565619,-7.146196486272821,6.885269995609265,1
297,-9.540015571311127,6.717373461748506,-9.041644105310882,6.241665300135567,-3.934276521650755,-5.961650565105895,6.082358080543864,6.260518530806076,-9.456861074176235,8.014613609547421,1
298,-7.571145096017295,7.657358635088932,-5.441176370667867,6.070944877796586,-4.911926291246942,-7.15405822337316,10.360503207949925,3.9277830676880012,-9.965993485905242,7.878547020970074,1
299,-10.474994409961464,8.798979795108583,-6.391204594920476,6.978606614995095,-5.582298799424522,-9.046786891983324,8.789164637654752,5.268215340465825,-9.13759257760611,7.408895284005411,1
300,-8.353080438770537,7.185896177156593,-7.90551122975503,6.904629636237475,-6.552930899326293,-7.854517974846822,8.406843468488956,4.227731927286738,-10.357805481292862,7.265172545206251,1
301,-8.788946958549147,7.4177871648358495,-8.595092960980704,5.94886167754894,-5.500733243163837,-9.295451196096087,8.729176302411272,5.125913673711887,-9.33833158617888,6.884369839470056,1
302,-10.118126763051386,6.668379549597645,-6.632907950749616,5.867807013128023,-6.318187570504842,-8.087415502862997,6.355495886783173,4.90138815168662,-5.984755578064097,8.30556618653006,0
303,-7.559741757554093,7.7878564296742905,-7.186097494071688,7.115558944185795,-3.8569660038030644,-7.548429348122455,9.973288862466454,4.828716738236651,-8.353544813888002,8.600458219244018,1
304,-8.109113539328767,9.187133065797052,-8.244783497211667,6.980144323309071,-6.185533082456196,-7.500692986115929,8.899706489553196,4.323879757563862,-9.843630414399323,7.284023319773885,1
305,-11.276847074212197,8.930369208191294,-7.7688212339283185,7.718914372895746,-5.824165781335666,-8.292710224324644,7.19546375241237,4.218054856235068,-8.924839588250284,7.56877329391489,1
306,-6.826541110560655,8.118063387188373,-6.593132165878424,7.721115892917007,-2.497440978339137,-7.2492753865814885,6.542990260280348,6.712823339728026,-9.704887149016423,6.935087876439182,1
307,-6.799368289231985,6.959968253568556,-8.085865297755113,7.281510592608438,-5.86626340638518,-7.390176952732664,9.375059630313793,2.295417255861199,-8.857960130935558,6.824551777765576,0
308,-7.161673935707776,8.65908724453586,-9.164803342634789,6.4582191499457355,-5.778871740430155,-8.062866474415952,8.691339166111486,3.2466762875558937,-9.931180744455341,6.754672547576234,1
309,-10.58288594356393,7.7261428381528665,-7.765463410471904,6.9034439493041395,-5.376821234619716,-7.982937496508666,9.447084687572795,4.1273493340786525,-10.493770497404357,7.447388114084603,1
310,-8.583378294483708,7.866586071912615,-6.322242267102319,5.418031319115359,-5.101079387559077,-7.678826414838263,7.10686245315308,4.518896770167968,-9.665874016715966,7.266265136749106,1
311,-8.314352792899383,8.692141012549321,-7.911658752073179,5.778658052063143,-4.958276460806325,-5.369871286754693,8.826435327983324,3.0806159999018004,-9.30704427505439,7.685614869492879,0
312,-7.606402056265383,7.4049645474287535,-7.565615478221274,6.800094975172265,-5.591404642336772,-7.852077639837395,7.656684665620788,4.122609713832433,-9.645966119167102,7.979590880162648,1
313,-9.795429972095764,4.933987204857776,-6.819615990914363,4.941939415396703,-4.921031549985249,-7.740622197587603,7.8365474995456275,3.5303476979356687,-9.343958032770955,8.742730566564697,0
314,-10.111444308324977,8.758221369498292,-8.359289372395013,5.299462225523378,-5.766392047803489,-5.803503393187196,8.82533553098979,4.6823218169991945,-8.691119565585046,9.138043880713232,1
315,-9.503353038638437,8.041299164993225,-7.081187438234117,7.433068093719103,-5.281009862383579,-7.055852777932694,8.140397438827616,4.057321661200017,-7.817536953366149,5.863767486093372,0
316,-8.234341236733297,6.274869560721241,-7.933318842233035,4.664083008699469,-4.457286318381513,-7.2509257953780875,7.997483169455602,4.510686310436843,-9.33684661925182,9.087884603826597,0
317,-9.335457076303234,7.332977759796512,-6.996722566557125,5.777480942345901,-4.908462989311436,-7.653618164150509,5.928387124647827,4.347813190468024,-9.89651460578405,8.745555471747691,1
318,-7.6874099820929995,8.873512695702285,-6.635138860293121,6.431398053350836,-4.763722634011215,-8.105074975745909,7.661863321222742,5.28847602402591,-9.326647170839896,8.055658361105168,1
319,-9.025570507790073,8.308858575988689,-6.207641612293799,6.603808161688602,-4.632910898143606,-7.592798022179598,9.268249085042388,4.342350988363031,-9.288884193545925,7.718187380603946,1
320,-8.265091583691465,7.434261040632486,-7.590845958305389,9.383455476391898,-6.518565484062714,-7.003933569156812,7.187787494190701,4.4551379835124765,-9.241106609878692,8.679925239998585,0
321,-7.14495652255659,7.457391803649212,-7.690414693267478,6.4010314305709555,-6.606063412588402,-7.677944369524876,9.0269009423155,5.561170030714748,-10.105773880852189,7.179203337957693,1
322,-7.887075744913792,7.591163601274152,-5.714098391429582,5.679164802639309,-3.869049142538656,-7.144030986442554,7.915833607079584,4.8582959712180385,-10.26104728884653,6.0440246578393175,0
323,-6.6365019551280655,7.718696947261739,-5.444724003541085,8.933194661393935,-5.874687868114221,-6.65622519097276,9.276488256223345,4.578669270985066,-11.322091323298153,7.0828920354409695,0
324,-8.929026277950323,9.231173267550135,-7.739186583353645,7.396554613277938,-4.447306367316245,-9.36774682687415,7.328057891158757,4.660387896988622,-8.767381232619993,6.77387437552163,0
325,-6.495587616265791,6.48340045201435,-7.90699380254419,6.870157295911903,-4.091619492075692,-7.781230442892949,8.457520277807978,4.638515386581646,-9.458433888035405,8.343240702809398,1
326,-7.381943953842513,9.392463036711101,-8.867113336264302,5.579394494631247,-5.728908430993404,-8.372129864627723,8.133015261127465,5.491156719193739,-7.387034162425377,7.7428915283759014,1
327,-8.269533007750738,8.805757514382842,-9.356562322771863,6.536793086702842,-5.774599153027777,-8.653394649203811,8.842125944245145,4.970749187167838,-9.749983653423925,8.519489826941225,1
328,-8.466858536154634,9.07700454209857,-5.601378918532728,6.548034619725908,-5.833134463463309,-7.1039461819844085,6.97921064303278,4.860113758075112,-9.119815559571315,7.386693493991807,0
329,-7.548503159758784,6.576492580888943,-7.336181195992285,6.7512636458839275,-6.820331529698989,-5.369788192462259,7.59150842746667,5.257458653657337,-8.469095898951814,9.331470449111979,0
330,-7.773400492476675,7.074612445820186,-7.536506128060287,7.493543337735956,-3.5211998315078263,-8.732349161355442,7.472245430008598,5.0171301360204135,-9.46132265610643,7.816219155079157,1
331,-9.644619282529092,6.291427903308545,-7.2780972995936635,5.77254870134254,-5.62357250483719,-6.018246704918976,6.687130597719733,5.2069943373014835,-9.958491603113332,5.5189464646349755,0
332,-5.308410432583234,8.005570960639778,-5.179036893274983,7.454611235551054,-4.378326331229788,-7.955617982846382,9.104720727062777,5.427724761050316,-11.467983244978676,8.146169722903414,0
333,-7.457612792977064,7.515233487272462,-5.676127164525386,6.144165547055621,-5.634762882809744,-10.42524810099997,8.093642024806504,4.33611048848948,-8.248212468881594,7.177937015724711,1
334,-7.516204561338002,7.975359247659272,-7.343483440832385,6.843921448392691,-6.035829870412418,-7.058866791970798,5.950777096362389,4.778103252136073,-11.80893700658646,6.4681623622435644,1
335,-7.478770216115733,9.221594397513824,-7.115325934614281,7.053889799596805,-5.163683082285521,-8.1181872335762,7.661334558963584,4.980258075323195,-11.67328894959548,6.535846113745721,1
336,-8.768484469334076,7.897905746688913,-7.535418993755096,8.091007304928748,-6.413776701097126,-7.41094342978641,7.201112620205875,4.383686601763599,-9.286957531304283,5.897937584851769,0
337,-8.508479105235244,8.356912824403905,-7.483713655767515,7.257587665419219,-5.300176586828014,-8.441843724563023,9.387641178060216,4.243243619660031,-10.415351897388883,9.71168478676351,0
338,-5.589841242013215,6.937912559263096,-7.192856797762951,7.34135679949167,-6.341815934890037,-7.725092985467775,8.307141474668423,4.067508790722925,-9.310846835925684,7.022503783856798,1
339,-6.625117668807977,5.891284815705524,-8.779295190984161,7.232321903036895,-4.080915674810733,-6.394841510926459,10.77981171626428,4.292027299612384,-9.0510821208899,8.252789929458244,0
340,-7.601450664864065,8.868797931274743,-8.905671869873007,7.068285705912719,-4.601696440472007,-6.66931994735839,7.34691560509004,4.181015453841638,-9.872485644117983,5.448695143950673,0
341,-9.486280807865999,5.422649183700537,-7.0903962740481985,5.984963939010821,-5.834553940277102,-7.100216648324342,6.809854356341731,4.170305689515559,-8.09939045297149,8.057108777763906,0
342,-8.97416850188475,8.573204410826328,-7.1889208987224045,7.667095652826335,-6.779023457545707,-8.715902812408261,7.359705136931333,2.540861292107005,-7.811211340579588,6.992106477701706,0
343,-8.00457568805022,8.651862398359397,-5.45185093533334,7.765790911879103,-7.1630361637080355,-5.296241358611142,7.466028281078875,5.094919810929601,-8.94848290758536,7.3959490714163145,0
344,-6.288237298549313,9.381901613141215,-7.770254997185734,5.674169062356322,-5.286654642935228,-7.058525473016808,10.12611514538004,3.478724481912128,-9.841830770970178,6.3350392353881375,1
345,-6.669753365751913,6.788402846361787,-7.011807016681149,5.940693902140498,-5.681894333796084,-8.29518326551202,8.416995203620694,3.9732392314962386,-10.042670400996373,6.250638348237653,0
346,-8.973339756522572,8.02604380025998,-6.5699207675760265,6.1422632132396995,-5.910239741961173,-6.315377026285819,8.336617716155232,5.229373416104568,-10.467069766582974,8.502969904928925,1
347,-9.046937640163243,6.597353195821745,-6.995689079585992,9.220206747249797,-4.596153168298164,-9.497474768509878,6.684913605722179,4.5116817366433155,-9.029644197714111,6.693269206640994,1
348,-8.439294050525634,7.5835427631339405,-9.914592732286492,7.826684393873329,-4.2005202610357575,-6.353133191724737,8.01026620039427,4.732562779973584,-9.659829028166104,8.121362352407623,1
349,-8.829405443027351,7.370256131834956,-7.3991492863395045,5.530874553424376,-6.735240064086703,-7.554710555725365,8.24469896157336,5.393252158679614,-10.619800079471954,6.7888432865027815,0
350,-9.871374465919672,7.7274564164012975,-5.076424648102542,6.24426917814075,-5.906444730736782,-8.575926582474784,7.482151971144183,5.8489288218139075,-8.118727068586852,7.398848474592097,1
351,-7.53166306409574,5.903184788754058,-7.733137185439227,6.128613480884301,-4.363795693207168,-7.624993879545127,9.09005204054813,5.7581623162329,-9.273635848900808,7.636171699560245,1
352,-8.843198747890911,6.888312159275286,-6.1785410670521,8.532305609338618,-6.691675088954797,-8.263343867055795,6.171134256377277,4.05718651703343,-8.63797527289816,5.895699150476474,0
353,-7.546195796681278,8.731811359318316,-8.371510379161574,6.423778912525449,-3.2163021928743905,-7.165230874219887,7.278410691533797,4.70029136019401,-8.040453846943945,8.238110903492792,0
354,-8.507436764385327,9.093179245700878,-8.647535342436498,6.298057432667771,-4.916835264270205,-9.034764466955997,8.226419758885527,3.5909699593695983,-9.366699582257198,6.864674667816872,0
355,-6.532494846385838,5.384113334321274,-7.800516998862158,7.457462630142054,-4.663685994104547,-7.511199474995455,7.650966932019389,5.0195497898264865,-8.561034620310382,7.158390905543361,1
356,-7.505284855025198,8.791598296348013,-8.634860285773987,6.047662115946304,-4.831429786547795,-6.233049384701765,6.5679229178509955,3.529003818153643,-7.613467694722465,7.167759637840189,1
357,-9.231676231254333,7.397385061321879,-7.318396084028403,6.515345172828244,-6.061794392894225,-6.717793233640423,9.127977821400512,4.753807642922863,-8.276494125317686,7.324064036401247,1
358,-8.084656622787326,7.344257768241274,-7.597892600387151,7.045021217346836,-4.583733504423372,-7.2486855226074205,7.509611073238878,5.161139883600508,-8.140573281217575,6.5690304547104565,1
359,-8.688186896955614,8.712966716931115,-7.224122117753936,7.263497891549737,-4.97972978905508,-6.296891124720693,7.540172876057143,3.1115116032404093,-8.913751464179295,7.529470833528522,1
360,-7.438678357421946,8.530690370410632,-6.186757560630731,7.093239171015726,-6.645254050375389,-8.431840476178264,7.090870916348016,5.3029394774309315,-9.395219117716447,5.779327837770757,1
361,-6.9793790652659045,7.52784388580164,-7.009334941155372,4.540758761156987,-5.605568153022586,-6.672490215310038,6.342746609514187,4.529184590046753,-10.150878991130794,7.9685527317932205,1
362,-8.167049203197335,6.798141650939096,-4.9918622123257546,6.639602600044168,-4.856059047250546,-6.874793018942953,7.614571405747759,5.070371911787305,-7.846316754030187,6.62911396871174,1
363,-8.83233890272454,6.877508664264203,-8.155385613904038,5.783021590519517,-5.124835769373663,-6.336458813461142,8.009533034799787,3.654706299733167,-9.929777585683526,5.58183400794007,1
364,-8.48065213098995,8.670419883486803,-6.97931927712939,8.794047635990697,-5.663297484343288,-7.649615846537801,8.599206933055674,5.509462634328566,-10.955940598452994,7.075652844255923,0
365,-8.681866740091428,8.694524900211166,-8.130820934133029,8.027818144592924,-6.364834925407833,-7.60483288659384,9.758731159267096,5.091522250391909,-8.582804897393531,8.794727985205663,1
366,-8.453481035352548,6.778737000406151,-7.096614896347355,4.93718992220658,-6.2324927159915715,-7.394670352607185,9.473091182931274,4.806682205872733,-9.488341967810289,8.303985894839796,0
367,-8.371931831205272,5.982472491295556,-7.780676905898475,6.0606339982797035,-2.2580348423408063,-7.043130660811434,6.468863951494446,3.1956764972846203,-10.496748832401279,6.4196524685702485,1
368,-7.076398196541185,7.776855833620338,-6.020072941687478,6.181976094521742,-6.852137227648292,-7.710108840122521,8.06360441725348,5.163741070821024,-8.952308001993707,8.429029819704748,0
369,-7.253500741177322,9.840167994233095,-9.066138477888753,5.507523549035551,-5.514920591079124,-4.976610379175467,8.728997774136001,5.271679953987372,-7.596982842266097,7.938342540335571,1
370,-8.433756470360851,9.612581725689433,-9.492417065084553,7.7365570667587376,-6.0722599934501424,-7.720927915185488,7.489509664977168,2.9653801023476585,-8.47317202278967,8.599538886125252,1
371,-6.660838260177159,7.581107161514773,-7.664968870899423,7.201871470314456,-5.95187892942138,-7.7927667430786505,7.932686522995545,4.651175671895061,-9.645654387123693,7.976225574549871,0
372,-7.926087767952884,7.155491009289149,-7.708779895423849,4.905194820254675,-4.450526448304151,-7.4170814460952705,7.015326008343966,4.83357757051735,-7.708779305339171,8.085826485699355,1
373,-8.596297384371663,8.750462804696125,-7.7686022546762,6.646103010789436,-5.080302059265319,-8.439173396099193,9.60951096075876,2.368669320542628,-8.955915299562811,7.573866475146284,0
374,-7.35190977645115,7.5642880262813454,-9.183619106649775,7.608031968453497,-3.714374249428327,-6.002126716113893,7.475729700427167,4.48064142076797,-10.311473741535487,6.670404859731832,1
375,-8.456218039486776,7.845686691593249,-9.133320466142008,6.827516481204106,-5.552889212654483,-6.96784663707281,7.918380650541289,4.0886013883628465,-8.406287236287799,8.287536771032121,1
376,-9.041905813420072,9.203958174436009,-7.882912209461668,5.568937525405541,-6.351261490674248,-8.25545885643976,6.097334187393101,5.3783756996791405,-10.454297224504208,6.739286805764363,0
377,-7.415167551744925,8.057366730498785,-7.065219705481299,5.395513693772245,-5.363196129780271,-9.163288556445126,6.971799358824902,4.8097267881451,-8.647518507493523,8.187300979407228,1
378,-9.159184038654884,7.295171041816228,-7.542767486505949,7.612300844805313,-3.547807923759167,-7.494394806043036,9.384110638738738,3.912663448199717,-8.84467857770598,7.294002823754243,1
379,-7.981672084361221,6.7458330133756705,-8.000774530680259,8.198500031483743,-5.717161503079403,-6.419844468423782,7.536700631280157,5.1348438948031365,-11.582714947160634,8.720646574455303,0
380,-6.928744897963386,9.492122098680163,-5.18353425749725,6.781396928884964,-3.2853716930445858,-9.428778154474243,6.990490688253734,4.788655103031613,-7.600649174304783,8.184735644163728,0
381,-10.332387253846726,8.129346016974411,-7.2340473470629725,5.815301248785444,-5.094711790385993,-6.694849217970592,8.147188450775303,5.596007424411178,-8.270417391306731,6.902845765616974,0
382,-7.357413068609595,6.836719682111068,-7.910425943669587,8.229697963031507,-4.913531011998056,-9.309687304816494,7.5768632817020825,2.9794315764746355,-10.62103528376227,7.153588131562336,1
383,-7.525882290618238,7.26660499137114,-7.2713250475256155,6.276252617366073,-5.398245325100791,-8.068674262843102,7.2244459419212514,5.0164588108846315,-9.188501127408086,5.492525787596182,0
384,-7.407465330496008,7.681182242325237,-6.747268093572435,6.213410483757626,-5.8003296898997725,-7.404077259640578,7.467091256799733,3.525880385703714,-8.924861068297053,5.907973905114769,1
385,-7.289120381643631,8.18372000705678,-6.116461955307766,6.269970012255782,-5.0125100907500375,-8.021544028550512,9.181502619820254,4.121539957814773,-8.213835659737272,6.7789524905524825,1
386,-8.134512709986515,6.794347125001789,-6.212517989580503,5.468908260639346,-4.502193581316628,-7.878419982702275,8.982169852836671,3.565835156513055,-10.953191114065511,7.337377282220507,0
387,-9.171229085545715,9.77247576038284,-8.363674203654073,7.8012359704059255,-4.781171633746531,-5.6207550769681935,6.782133483786626,4.750849215194164,-10.352093430267796,6.757725689692373,0
388,-9.161557231150944,7.475270164783902,-9.28656814527693,6.618885380841333,-6.096661790453219,-8.551704543441392,7.181121169730641,3.83433361769838,-10.297959117166517,7.409757536793117,1
389,-7.777032197096715,7.414918202462976,-7.31772504941409,6.403479473776825,-3.995634351972074,-6.525576241026775,7.313876842965124,5.120991119792458,-10.342402131415318,8.23568427606969,1
390,-8.827454953210225,6.708579161677955,-7.653328271785953,6.863783491674196,-4.016422601984611,-6.75877089109459,7.503263183651989,4.305554968299155,-9.20680478992899,7.016813443703192,0
391,-8.78795477965296,8.264731801453339,-7.423747081240832,7.78405688877732,-4.545306801580508,-7.025365677140315,6.672819560232797,4.099620804368545,-9.00549457336976,6.315811501713203,1
392,-7.821706505501485,7.676045735278317,-7.098838908631253,7.044058578332427,-6.298917955512316,-7.21349666106446,5.759289892158121,5.48908479203743,-10.532237967917204,4.798296392197829,1
393,-7.30541790121642,8.964956631090818,-7.0048773013521215,4.7996229339161625,-4.5059201838244425,-6.899426608163825,5.927098633695958,4.059593452839696,-8.3757593034558,7.029004478745111,1
394,-7.761396977894081,7.3888209047992195,-6.704909404732428,6.174715544019666,-3.580389394740765,-7.1820961411472215,6.424343095635297,5.41130256245598,-9.231489770184,8.319054638224408,1
395,-9.234807396204163,9.8247251326947,-7.6631796750494185,7.0745240622128716,-4.532587678569806,-9.85794524187067,7.639108200852503,4.162668450118289,-9.386977949128624,7.965079531235891,1
396,-8.594062605213695,10.412634463921442,-7.2113394824182375,4.082810512405324,-5.161657918630632,-7.924996020858377,7.511695029435848,5.614434511132207,-9.007740499117412,6.667929731809049,1
397,-8.462588999126254,6.507759789637759,-7.6143932847084885,5.256145195989275,-4.636074431497168,-6.89350644282541,7.490766393398737,5.122617790938928,-8.741404909581249,7.850727398270447,1
398,-9.565936763061247,9.31736170467906,-6.319396743641818,6.617736672538459,-5.289693407057482,-8.434034105913224,8.159677180148979,5.18884404918179,-9.547657548485011,7.834893633190065,1
399,-8.670401635447764,6.554486302280122,-8.8509632294614,6.991097096944744,-5.707297984534951,-7.086550064290931,8.581443072266659,2.695221573960149,-8.643873160797044,7.994871511319738,0
400,-7.157451299740295,7.815653825159987,-7.272266126708228,5.720501511614387,-4.576378620934699,-7.621769564585973,8.622601924259374,4.512637081983164,-9.01018562355211,8.404954177406854,0
401,-10.528317468369208,7.194563607076932,-7.448900809399664,7.615529073710205,-5.5231890352945,-6.598359477278842,7.188408751833453,2.351114209806768,-8.289849628198064,7.638065808712498,1
402,-8.119143900684783,7.072789629651447,-6.723162355905606,7.623365453862677,-5.4787717231059085,-8.408532380041178,5.667315156827685,2.722952895309744,-8.303683339837807,8.031631112029572,1
403,-9.647207568523742,6.2103736537222725,-7.283006916115003,5.344902196917518,-4.361471360959604,-7.487697177039739,7.961374930968037,4.140578340802253,-10.78311806607344,6.454140904068709,1
404,-10.085425873774337,6.462661200664343,-5.8802410170745745,5.992054405703242,-6.101972518733389,-8.475681444828032,5.423669343678318,4.621403005620955,-9.131964344119057,6.128252946981318,1
405,-8.844558004801888,7.25563321094276,-6.973066536174044,5.8608584834595066,-5.790691234301544,-8.582163024421959,7.834746329958876,4.669542037098473,-10.429036188104847,6.78621519341376,0
406,-8.206512483765366,7.603098845524573,-6.830970979007992,6.049673977784952,-4.553632083436017,-6.040409621961228,6.254915635591902,5.0336289694526775,-8.14216304370104,7.821033340933496,1
407,-8.585883813267548,4.513055438908541,-8.57617263048205,6.454343164335567,-4.266433218209243,-6.787138580006189,5.755883800302249,4.940588397294115,-8.983021604610233,5.574586312705344,1
408,-10.110079101034138,8.685091377310508,-7.338771900482265,6.19425719332605,-4.9709383016545186,-6.068399577710198,7.445182707868735,4.6802091344333485,-9.600546025400796,9.28742065782786,1
409,-7.764629399385293,8.873037303837346,-6.4541494055138475,5.4143119995599704,-4.996354593922524,-7.180486167644243,8.064021726333232,7.0085371233732445,-8.056894290783267,7.236327273142113,1
410,-8.98782052073545,7.875558838173116,-7.359704704747737,7.091777514602133,-4.89305223242404,-8.832524649350237,9.277211199735792,4.411182481267706,-9.901244341162492,7.198537010109005,0
411,-9.259161259366758,7.848090353516029,-7.771641614983478,7.635414101557821,-7.432337635299248,-6.895360450278734,5.357219112057702,4.450472721750267,-8.631547371520076,6.374475176978519,1
412,-9.00551210215275,8.886754785549138,-6.660851757851226,6.476940236846921,-4.181987499202806,-7.659114792415761,8.043603603198823,4.688880248137559,-10.10339657879584,7.877210786648219,0
413,-6.997592570189672,7.4479512272975645,-7.4057133173625775,7.144401076269498,-5.050432992076353,-8.186108851566877,6.7869409529409035,4.721263362166563,-8.325665489548928,5.372156783054535,0
414,-7.4612421312546005,7.228920080957281,-8.815613629923499,6.623591125469901,-4.092031406575995,-7.158974290329612,8.766520063681297,4.300498942131843,-9.79569401692269,7.492567028701982,1
415,-8.505542360684588,7.632730639385188,-7.151087010266919,5.966492890724146,-4.854338315961732,-5.721416398771074,8.215395874066093,5.742472706098481,-10.97916936943657,8.33073027193552,1
416,-8.182355852492334,8.455240257932177,-7.085094842061957,7.330036476927354,-6.005881504139053,-6.749400651913558,9.528276995501212,2.6641389027435416,-10.61843493317873,6.232638012247926,1
417,-8.987330051488101,8.753512581112357,-8.271858742676862,6.424837575169327,-5.418741400492808,-7.818927360611593,7.611305167980319,3.706574566598236,-9.468710522017684,6.0237677887124725,1
418,-7.975646077317186,6.719649826302465,-8.807088592157317,7.233304585967197,-4.457132824308989,-7.726880258439163,8.72774767463664,2.2164367282474626,-7.463433715626392,8.802345660450461,1
419,-7.597139721153129,6.034204835330215,-7.839373959373304,6.329470990776788,-4.9317287013153255,-6.999532647843114,6.02472400690659,3.7321601002230764,-9.003318285120118,5.219504033870949,1
420,-9.018774679701057,8.314017012266138,-7.310421496919761,7.9807699508046355,-5.8361437129366385,-7.6971606130816825,6.870373367144566,3.3475392336141336,-10.465786652869847,7.186058425902965,0
421,-9.181773359828496,5.911902737380146,-8.974310154662874,6.963607598723921,-6.451696787289952,-6.672486797578223,8.665384060546348,4.413456876390623,-10.941468142788555,9.079747028729718,1
422,-8.477111806767864,7.717757516940044,-7.091466454101515,5.0597711712859565,-4.237317169480767,-10.073677960241314,8.357159825713913,4.921049707530599,-8.711446118262579,7.694688562996009,0
423,-8.329836850960845,6.665893812806687,-7.7707596107976995,6.89752249659758,-7.0312524524665,-8.463132476523048,8.296311149002866,3.3304289995910255,-10.561771334315914,6.952096926154148,1
424,-8.220110336081477,7.10984164617728,-7.380453147119792,6.482669545656078,-5.1641789155863025,-6.899362165266431,7.621511708690859,6.086211090870935,-9.15342643019236,7.0475616275853605,0
425,-7.705595100240596,7.0516282341217345,-6.1911784540925625,6.142377652460233,-3.5358950032635517,-9.027719147907911,8.169446440060277,4.977378676512995,-8.69304703977397,7.978085837403679,1
426,-8.85719901213491,8.682155655972641,-8.413166477158299,5.253105739340773,-3.7786833752687286,-6.592055541355746,6.612984176753734,3.7245686932404443,-8.662062760240866,7.458877342005143,1
427,-9.586915548668982,8.138380073006374,-6.126348368113956,4.769853862808441,-4.39474931272537,-8.941873353541082,6.926216291396841,4.781862835289566,-11.334437881467174,8.170757048913865,1
428,-9.0760764452745,7.156877939788923,-9.1209759295566,5.807859719071428,-6.149352141939911,-6.496602151173645,7.18223453293908,4.398511184709873,-9.149994578465293,5.84737160964387,1
429,-7.2480156090862735,8.52118634480518,-7.290086974481509,6.510752193272018,-5.119735955438268,-8.102089139553163,7.0406882299900015,4.804055122864768,-10.659677025335425,8.235240030106699,1
430,-7.752495291130941,8.615989281133166,-7.843246399367212,7.5582646162176195,-4.356040053622838,-8.59397717697331,6.779902073742015,5.083266008226331,-9.042968207892487,8.500921360977813,0
431,-7.913030994274732,6.512396553375761,-8.297188486334019,6.983913350470053,-4.481443378018435,-7.6692302229575455,7.427092933059019,5.647952768704543,-8.863959638251526,7.784551711302575,1
432,-7.490949950693788,7.8665558625675365,-7.876606832351953,7.418118523899939,-4.5928732230585645,-9.270586443333855,9.38280214447756,4.820531184900265,-9.241918363626851,6.305740644013695,0
433,-6.2510352511483145,8.143276111481926,-9.555141416059554,7.2749064843996445,-5.4036904199230555,-9.106979486515218,7.63983688195069,6.940823576249716,-10.647774070424296,7.557713501181519,0
434,-8.244019079340877,6.31833217062369,-6.146984654996947,5.802826946949975,-5.719300826892596,-8.448867425970269,6.88582846703389,3.740957885180056,-9.61211889610868,5.368932283577749,1
435,-7.371368384210495,7.842685985061044,-7.9777440737819525,7.52539861801181,-4.669624615162959,-7.413604866528853,8.595130505588624,3.4634436439476843,-8.260725165563512,8.835398678980761,1
436,-8.213017691922047,9.149959911514042,-8.539903696609734,7.96453850074963,-5.451410279117884,-6.782630893762536,6.23849836581569,3.978384267535573,-8.582449133033833,8.80352608211045,1
437,-8.350538339076387,8.896214517747591,-6.640273720822458,7.803980159857912,-5.337186646492492,-6.825312085023549,8.826682546678711,4.302713817160843,-8.267900043100033,8.04463455948882,1
438,-9.301711158470807,8.457505436970532,-7.690524373091037,4.728376901965237,-5.805669169786729,-7.621339809134377,7.557555018465671,3.057446546716785,-9.751787627092352,8.083818327538559,0
439,-8.51499426511074,6.796593438924153,-7.152203582299265,7.349484427873947,-6.090119018162431,-8.2383425388862,8.144570276941831,5.422719577498894,-7.01657866909725,7.023479886919776,0
440,-7.738241411475784,7.42551669068295,-9.013564233970595,6.174480613677063,-5.085855957560041,-8.070144939577974,8.752676864620256,3.9868072878231438,-8.308116755365587,8.198669271416108,0
441,-7.738128856533509,8.884711563119623,-6.964802190910949,7.669891592785181,-4.228216835891844,-6.36419349953643,8.845476641765512,5.887921968352332,-9.793530398294099,7.81757311831171,1
442,-7.67788912660296,7.979062517130047,-7.187042879428999,6.339455039704993,-5.229119954463729,-10.024327415546207,8.71669080241122,3.195844523518179,-9.664451624252305,6.606884662931758,1
443,-8.341310892112364,8.242108417275048,-7.362959192553034,6.968177587573011,-6.486866578728095,-8.478126380795237,7.928203040398049,4.3566655306417825,-9.166761674137122,6.3465276237518875,1
444,-10.684548280032311,8.82601634661502,-9.860549979872424,7.405739133799988,-6.353560881087395,-8.544103004659537,6.238589030787477,2.946505581412371,-9.162391370232537,9.4781973459737,1
445,-8.29382325705552,6.630952561998692,-7.100169407656756,6.082022194578315,-4.228595482849247,-9.58999781029127,7.856797650779988,4.0958247081671635,-9.696046257415766,7.4971692863410695,0
446,-8.542528547517119,8.671708614241721,-7.579558406827541,6.48577770424061,-6.721584584582554,-9.730153444131702,8.470709879149636,5.177740714456261,-8.993035809264185,6.130363568216663,1
447,-7.125707705000676,8.004890261693857,-7.566818481375586,8.237880154103307,-4.844543423769703,-6.675037805910955,8.485829444537252,4.803298224448646,-9.50139466281959,7.605927020620569,1
448,-7.895875809976025,8.952395449375171,-6.446024220778144,5.643886573375987,-6.248883060869051,-7.109913523640396,7.142667975766018,4.037533605943215,-8.495066643408656,6.533698272402069,1
449,-7.917494225519995,7.0103824495187785,-7.634695553674238,6.573941423856781,-4.699364821179782,-6.903024848269916,6.2980738209031415,4.840427717807039,-8.211767728484975,6.035359513440639,0
450,-7.332250141311709,6.38426859407272,-7.5239740348018636,5.948253750986621,-4.079938891818775,-5.841347910188583,8.746838274436804,4.320669573381504,-8.540609991178407,9.356538139754676,0
451,-9.068984450354634,7.275096918376257,-8.368767374438999,4.9947585726229065,-4.6972744136839335,-8.251623870102971,8.994726259642801,6.03668066964593,-9.268334734121076,8.638881015282546,1
452,-9.520703249648106,8.660732028094829,-7.752385790809838,5.768361627772723,-6.483830938507417,-8.174837477629806,7.994685989315583,2.5503022203191272,-9.411954595914565,6.825500530944819,0
453,-8.80703375294078,5.808043191949768,-5.76550371371256,6.042588483053628,-4.992812597473866,-7.875873788607993,7.365004295679544,3.6008416467133015,-8.668247665849236,7.990056025155436,0
454,-7.965448488785654,4.993109130423043,-7.513729247046955,7.959254815398317,-3.8777469398003586,-7.924303973803537,9.01852688755397,3.734834177671866,-8.948337695624236,7.8749577603034355,1
455,-8.525864004836267,7.153750396558367,-7.456361554061503,8.475378128385818,-4.925165315347323,-6.915397275116998,7.400624017233817,5.189189837778896,-8.043949529947701,7.290767018980543,1
456,-9.03449839062135,6.915168577169064,-4.896178795042605,6.446351825570456,-5.569337632207752,-5.728397965167977,6.719030769664583,3.477958190003466,-9.39407592739927,8.772633255170794,1
457,-9.569208760274037,8.97530185867585,-7.325331865760378,6.4748676299492045,-4.42920250224176,-7.485060413723448,5.429509184425272,5.304883343770848,-9.072878824513264,7.878921768645843,1
458,-7.651561605265899,7.358643516705268,-7.730097190240467,5.679545037423941,-5.216178987586301,-7.654654875396916,7.047930254606556,5.8518711554722636,-8.947177278656731,6.790534716977831,0
459,-8.054209335159111,6.395032858958761,-7.283889200747405,7.303502215358505,-3.2800759422929975,-7.726886833686694,6.9549029177407835,5.375979202956553,-9.825992302811533,6.928057364929241,1
460,-8.454444823768359,7.2144759252600625,-5.36407317134974,6.7019921776654146,-5.4309892400880155,-7.358947894484692,8.51320815449872,5.798821039761552,-10.126173699746024,6.299422751788116,1
461,-7.218383938009486,7.954838153041993,-8.046726153320323,6.29676806213293,-3.399391785470057,-7.195687005411967,7.522791345000825,5.479922422731616,-9.089493207220922,5.716017824987636,0
462,-7.3686452317359405,5.313337068184522,-7.191110926759433,6.4437344227489435,-4.85521512418568,-7.360586920439789,7.546706968555291,3.521728473594351,-10.283921677030122,7.35804320810722,1
463,-7.921923854494139,9.211940455461534,-7.345901848794131,6.257603929427097,-5.041536389248123,-6.981781190315423,7.021078723259688,4.5724381365486195,-7.103537604384535,8.273519394220164,1
464,-9.987807448222291,6.854078544465465,-7.279980440450971,4.062369646454124,-5.364979673211441,-7.450668041759281,9.485911451517296,3.8330289750277795,-10.509634765109224,6.815870926774064,1
465,-8.49085054107026,9.468145958934109,-8.041891105918877,5.233537266907631,-6.287840488218326,-6.7790437866093,7.674546863247695,4.613488631621009,-9.20817304952248,7.586761724754041,0
466,-8.31088709607226,7.368630777357,-6.623851727635496,6.750469680680544,-5.490998923315672,-6.93927868998975,8.212726537094364,4.413718527621139,-10.043884475081763,7.424408637983761,1
467,-9.087723072184938,7.864391023924699,-5.817256005814121,7.017661297373061,-5.79073384634458,-8.365360792577752,6.890860905623436,6.389273457171283,-9.116735319353339,7.355883475965228,1
468,-6.362171243242189,9.814806088048702,-7.289161600526458,6.988263008960096,-4.326783018080006,-8.151879292302874,7.90634375156319,5.309569488792036,-8.77205000311487,7.443830044523986,1
469,-7.677804799009498,7.322020823517626,-5.445585958182634,6.685741126542655,-4.179458128966374,-6.27237307055722,7.82410005125076,4.194977141877269,-7.429977307380812,7.589837870325747,1
470,-6.496906455771231,6.602537199854852,-8.067874658299067,5.579581398837213,-7.116718031069009,-6.77293571506069,7.906205861091642,4.894936568082431,-9.390522833834213,5.021919683465871,1
471,-7.127022991483082,8.260412004742676,-7.0543380460835134,8.728838046959092,-6.264361787050843,-8.24401110490268,7.4242837746060815,6.019717277387153,-11.351397598527708,8.305293230220792,1
472,-7.162594780064341,9.098577659731507,-6.955416348845769,7.829648720313165,-5.576160484326643,-7.604358069005939,8.35460586129115,3.0380283762661895,-9.173288283953912,8.544140666689033,1
473,-9.839862056019296,8.484038142027936,-7.181683515056199,6.0316726602566,-5.253002046029109,-7.256882811381595,7.1797333594247945,4.264746733930476,-9.482129762152084,7.314120229921013,1
474,-8.149191014703892,8.419591488417694,-8.069106137553133,6.8409930792367,-5.861808186595125,-7.10823520695164,7.459920679619515,4.735599431608918,-9.345971093233267,7.329147052519365,0
475,-9.177251739283294,7.755239442991089,-6.670391071312267,6.362578164783815,-5.3495696073623,-7.826166745888715,7.630092013603953,4.0010897092370765,-11.281387048791235,6.006723680309635,1
476,-8.038135524797491,6.179434407676181,-7.690434172843047,7.590450579466951,-5.38370060802169,-7.162511824769095,7.990794212147392,4.499756703834805,-9.043286988556513,6.39165473448132,1
477,-9.117510853679784,8.066388530664021,-6.927510766270093,6.818722665243628,-5.367552673025702,-8.049689713967847,9.379718602811229,6.226067566472824,-9.271291167626234,7.667006254262759,1
478,-10.02439422601737,7.03093022555316,-7.278853256698719,6.788435760948505,-6.703898094653898,-8.44642787190949,7.430606018655144,3.943438339123159,-8.995442687679772,6.689116291578931,1
479,-8.731509634433092,7.751026420887845,-7.069129750367412,6.777316072532278,-4.746910719648656,-6.75389837969532,7.597773917456688,5.838117028125381,-10.962919665485474,8.14643748800087,1
480,-8.677455232286896,6.829351400339823,-9.069359369813583,6.633054455416808,-5.075388924635874,-5.585916151024651,7.315314606929367,4.137384768573944,-7.740746106224199,4.504871350871921,1
481,-7.6954680400132975,6.612076397420766,-6.175555498127867,6.6276345930145,-5.670382646126885,-7.860267916678739,7.9365844857949925,3.6496881774355714,-7.833057774538003,7.284439101644032,1
482,-9.061969869825813,5.347976430458466,-5.8285477782912505,7.204975374826711,-5.1072927864987,-7.447673474921235,9.731386088494794,3.7080008303907013,-9.125854074356635,8.61371336167519,0
483,-8.535539938519946,6.400640977609573,-7.297839871810035,8.028964165718797,-5.769276838708527,-7.9700811563154215,7.663149078908945,3.336792505433282,-10.639984109227548,6.912083877050396,1
484,-7.78415933895455,6.57684681321245,-8.073132120093945,6.93352859624115,-3.847498472892015,-7.569315650410652,8.391584360823872,2.5978756743039964,-9.993147065092273,6.68906944959745,1
485,-8.57914347557128,7.742803410523179,-6.489418560553186,7.094001542148965,-5.2687690350921,-5.952268137173962,9.487534844799775,6.4376988012949115,-7.678602060337276,7.892348411515353,1
486,-7.4082540129923675,8.250232590630663,-7.014700267278538,5.936325563792174,-3.4421259765398373,-8.05010560457807,8.159376219472435,4.221256857631008,-8.86744349880317,7.206646283129987,0
487,-8.550695381135647,9.180013930792596,-9.020460915193928,7.684406987817365,-2.974973039867354,-6.701265245277531,7.484560776382032,3.759578432094355,-8.919312239384732,4.3816150739160395,0
488,-7.02933561424994,6.924795773484569,-7.157086904900077,7.856876843394162,-5.019303490895783,-7.857806352487943,5.6211927689448995,3.508885916111537,-8.094617425070624,8.585732965811115,1
489,-7.046284404525437,8.987003525931042,-8.332324404712717,6.640075775001222,-3.7126507052231217,-8.1452737072199,8.659004022605593,4.210349913513491,-8.39959603820387,6.338047375027527,1
490,-8.55643329693274,5.975378061632729,-7.780288463881694,5.892078242938393,-4.715215734155768,-5.573557546786414,10.423995202589847,5.440978565329697,-8.863025943723267,7.924590149813531,0
491,-6.557075235873228,7.156989118479461,-7.586777719234548,7.9708052027496805,-4.977135509651387,-5.658980496711603,8.107390217935418,3.805238727982384,-9.707843122887828,6.711758877325841,0
492,-8.737664015365116,6.965491749271323,-7.335427415876979,7.1588024231263505,-4.563106062247067,-7.3651237969349825,8.05833255262291,5.15708000114841,-7.8738982743801165,7.584334600209836,1
493,-9.266144039284763,7.761677929151503,-6.786881507764227,7.313994862304768,-6.813606265584966,-9.051177391563758,10.577276494663021,5.516007545693954,-8.756860443655297,9.454378864710904,1
494,-7.338385644326191,6.98335183053277,-8.052942707109422,6.778457721771304,-4.926248356038845,-7.99160699202332,10.597678076213345,6.28565641564539,-10.560708813307391,7.496280548031734,1
495,-9.263927593323261,6.8907356082845475,-6.741673483348571,7.2646058542475105,-4.3192879717261015,-8.546989101740877,6.934795846554942,4.015861197560043,-8.886350074116434,7.683242668855599,1
496,-6.846850590872036,7.286474953205302,-5.604501842572753,5.811548138833821,-4.583015843263182,-6.686393405703446,7.643572356875799,3.876647361672466,-8.284332921208787,6.770313162856019,1
497,-9.043861600716665,7.125850229071501,-9.35199314180382,6.866316854557208,-4.429017034751707,-8.675369115666335,9.054497021563474,5.362874479981963,-8.03088596296179,6.302552879340171,1
498,-7.99660776716039,7.716102104024745,-5.202183132821165,6.393007643214769,-5.133594343868906,-7.230850916150359,8.781774602725179,5.377025234120138,-9.376768581376739,7.963146321435293,1
499,-8.199630512786175,6.315863610789997,-7.230623496738148,7.297731110371435,-5.599240699942849,-6.442577637686111,7.881886137511322,5.369816648004649,-10.640702903610926,8.46611396251468,0
