1,2,3,4,5,6,7,8,9,10,c0
-0.04252,0.444084,0.741818,0.154884,0.687435,0.613855,0.2842,0.148164,0.110298,0.795731,c1
0.183102,1.015633,0.040419,0.531323,0.797723,0.148681,0.084596,0.518827,0.82538,0.32056,c1
0.30594,0.295918,0.313346,0.903433,-0.070738,0.104195,0.275248,0.413825,0.909707,0.092668,c0
-0.002605,0.32951,0.036,0.931365,0.582277,0.470598,0.55282,0.058453,0.351312,0.437353,c0
1.134115,1.072484,0.880416,0.721103,-0.015493,0.678641,0.911728,0.210348,-0.24839,0.665359,c0
0.97868,0.993526,0.798233,0.520038,0.24122,0.287638,0.86282,0.030891,0.026562,0.36721,c0
0.176625,0.130584,0.922225,0.458817,0.903259,0.735961,0.081883,0.277866,0.040561,0.745249,c0
0.300547,0.437405,0.684511,0.596433,0.911022,0.06765,0.274286,0.395657,0.147062,0.739438,c0
-0.092554,1.258606,1.526939,0.301214,-0.053739,1.761761,1.042223,0.810724,-0.229792,0.407706,c1
0.591636,0.71505,0.012096,0.724484,0.734498,0.87009,0.256907,0.202536,0.867469,0.324417,c1
0.205941,0.149891,0.920094,0.687647,0.917054,0.035064,0.195122,0.57609,0.964668,0.331594,c0
0.248154,0.054148,1.238034,0.713395,0.741532,1.047499,0.337558,0.195475,-0.05886,0.554736,c1
0.619731,0.962359,1.047557,0.764561,0.51605,0.334155,0.854501,0.34445,-0.027726,0.80504,c1
0.538456,0.593101,0.091828,0.598988,0.930478,0.137991,0.437906,0.619459,1.032122,0.197237,c1
0.088574,0.75627,-0.195787,0.282661,0.497978,0.380026,0.51117,0.477972,0.831132,-0.025918,c0
0.572605,0.328092,0.508669,0.928803,0.233379,0.008033,0.377961,0.517117,0.067177,1.01643,c0
0.309729,0.348757,0.463824,0.079526,0.719649,0.654919,0.510568,0.857013,0.823263,0.090565,c1
0.990168,0.401127,0.479389,0.887812,0.83258,0.055677,0.006253,0.584932,0.685639,0.890202,c0
-0.95785,0.999263,0.840435,0.965454,0.472681,0.499006,1.323247,1.672065,0.688113,-0.320392,c0
1.496268,0.681299,0.525915,0.820908,0.777464,0.731855,0.570759,-0.196916,0.546564,-0.083766,c0
0.694527,0.272719,0.661993,0.79988,0.665925,0.685883,0.122761,0.125196,0.315449,0.812466,c1
0.75521,0.204959,0.191358,1.167003,0.3329,0.541654,0.746073,0.778275,0.141801,0.983095,c0
0.298895,0.053895,0.887061,0.543079,0.976413,0.686111,0.084417,0.253138,0.014785,0.804964,c0
0.382027,0.690549,0.228043,0.570788,0.784267,0.339044,0.797598,0.781125,0.044255,0.616899,c0
0.18963,0.062757,0.93149,0.475343,0.980685,0.776656,0.155421,0.264776,-0.001571,0.775375,c0
0.387488,0.862212,0.842879,-0.262813,0.50508,0.875615,0.716817,0.936887,0.83281,0.346803,c1
0.283001,0.356836,0.457942,0.097244,0.702212,0.645759,0.519655,0.830144,0.840751,0.096663,c1
1.082832,0.454783,1.352819,0.443373,0.510933,-0.254734,0.973598,-0.170485,0.065954,0.966373,c0
0.667039,0.864084,0.926991,0.790536,0.391652,0.290352,0.403609,0.509869,0.319969,0.621302,c1
0.213443,0.334497,0.249475,0.735778,0.09144,0.264523,0.187955,0.298333,0.759096,0.045777,c0
0.461527,0.016779,0.327381,0.674901,0.30304,0.323369,0.48182,0.752805,-0.123488,1.139702,c0
0.364962,0.913476,0.213034,0.436767,0.541101,0.013036,0.407898,0.083593,1.055604,0.784985,c0
0.362419,0.406908,0.658328,0.573091,0.996402,-0.044663,0.239156,0.38325,0.211571,0.865161,c0
0.11901,0.214461,0.110627,0.757116,0.670147,0.211888,-0.143297,0.236982,0.325256,-0.086905,c0
0.453902,0.832028,0.513949,0.13216,0.694077,0.399871,0.217116,1.237445,0.902321,1.130723,c0
0.749132,0.297803,0.249883,0.438012,0.19894,0.595289,0.86831,0.125165,0.69274,0.595134,c1
0.463769,0.666002,0.805455,0.313791,0.181362,1.080998,0.472615,0.474881,0.312846,0.801967,c1
0.314819,0.543284,0.973715,0.615737,0.028781,0.68927,0.627666,0.818354,0.743937,0.62927,c0
0.828591,0.116804,0.105789,0.453842,0.15883,0.069733,-0.004735,1.167344,0.662738,0.843287,c1
1.602943,1.249432,0.04785,-0.52959,0.792268,-0.702242,-0.682574,0.521667,1.332949,0.687974,c0
0.043399,0.569075,-0.12543,0.357405,0.077401,0.206899,0.344328,0.746589,0.933247,0.047087,c0
0.239931,0.931882,0.191265,0.637108,0.508898,0.051767,0.748394,0.046847,0.842981,0.640012,c0
0.795758,0.410161,0.307088,1.137769,0.387033,0.357256,0.236602,0.668157,0.229514,0.775908,c0
0.317528,0.36158,0.238747,0.861167,0.11268,0.392337,0.256173,0.341616,0.767857,-0.000886,c0
0.831297,0.947453,0.849425,0.468426,1.086425,0.567975,1.111644,-0.305018,-0.00265,0.307039,c0
0.835303,-0.034656,0.962046,0.906889,0.657789,-0.040313,1.039192,0.514794,0.928127,0.839945,c0
0.426168,0.319639,0.47984,0.136338,0.785762,0.59813,0.390663,1.005302,0.876923,-0.011395,c1
0.059105,0.470666,0.659816,0.493404,0.837776,0.446354,-0.327077,1.397385,1.173957,1.248028,c0
0.825869,0.646587,-0.224124,0.098054,0.716295,0.253348,0.669334,0.752883,-0.106533,0.384689,c0
0.503355,0.691377,0.800822,0.721622,0.341524,0.063763,0.349277,0.520892,0.956315,0.693019,c0
0.319223,0.536749,0.97667,0.618833,0.028388,0.685257,0.634327,0.819781,0.735511,0.628452,c0
0.084722,0.282653,0.276338,0.095504,0.937447,0.054717,0.5962,0.859142,0.325026,0.456045,c1
0.271855,1.037858,0.042741,0.496777,0.764865,0.291221,0.153113,0.447331,0.869946,0.287535,c1
0.807264,0.285866,0.199005,1.182989,0.126606,0.200689,0.569853,0.384896,0.040681,1.098451,c0
0.703514,0.728044,1.046381,0.62608,0.67326,0.052123,0.322898,0.188362,0.010215,0.520648,c0
0.502579,0.690605,0.801355,0.72201,0.34108,0.063434,0.350033,0.520519,0.9565,0.692682,c0
0.831436,0.070959,0.793223,0.793848,0.67011,0.035442,0.842463,0.340756,0.893806,0.819702,c0
0.597599,0.057268,0.758028,0.219033,0.372565,0.376824,0.678466,0.167843,0.347709,0.849471,c1
0.425898,0.172809,-0.020568,0.890682,0.503315,0.084403,0.776542,0.072225,0.388039,0.222045,c1
0.00972,0.366758,0.716086,0.19366,0.658154,0.678669,0.252419,0.038432,0.167918,0.777697,c1
0.082513,0.207916,0.219064,0.721524,-0.000121,0.216485,0.145087,0.242553,0.85943,-0.005499,c0
0.036271,0.148069,0.462518,-0.353007,0.716018,-0.093098,0.669678,0.278321,0.0413,1.42167,c0
0.445839,0.183843,-0.002149,0.913817,0.512829,0.068022,0.753142,0.045598,0.409304,0.222738,c1
0.702998,0.246469,0.941001,0.795845,0.456822,0.965506,0.230476,-0.069767,0.566122,0.987226,c1
0.600213,0.4031,0.202573,0.419887,0.749451,0.289974,0.806542,0.663771,0.178467,0.744326,c0
0.656663,0.182933,0.359736,0.973155,0.315426,0.10407,0.413541,0.639578,0.155852,0.952003,c0
0.30254,0.776055,0.461311,0.184866,0.808262,0.147805,0.352771,0.935732,0.410891,0.793996,c0
0.7279,0.136501,1.068118,0.385712,0.055943,1.106263,1.017132,0.352335,0.364079,0.878067,c0
0.577449,0.04401,0.752927,0.228818,0.388162,0.381851,0.693392,0.179206,0.350424,0.83768,c1
0.50268,0.690974,0.80047,0.72177,0.34115,0.063502,0.349183,0.520801,0.955931,0.692311,c0
0.818594,0.314613,0.220756,0.911153,0.096834,0.231909,0.315407,0.425934,-0.172586,0.880756,c0
0.361867,-0.068669,0.726398,0.535969,0.837408,0.610997,-0.204573,-0.095777,0.593236,1.273736,c1
-0.332032,0.094513,0.134425,0.771891,0.480981,0.313759,0.128708,0.606443,1.28026,-0.339127,c0
0.404451,1.140059,-0.074485,0.420414,0.685369,0.194678,-0.170079,0.572919,0.838358,0.230148,c1
0.858871,0.904742,0.627089,0.743095,0.315729,0.056457,0.716585,0.185785,0.202918,0.266292,c0
0.99023,0.420807,0.498473,0.868947,0.848148,0.077752,0.000177,0.614543,0.679701,0.917631,c0
0.860625,0.927027,1.277409,-0.097197,-0.785402,-0.820759,1.789401,-0.365029,0.592414,-0.844279,c0
0.08998,0.564718,1.212125,0.143629,-0.187476,0.639759,0.657876,0.47934,0.389402,0.758532,c1
0.714325,0.736149,0.27703,0.347669,0.901527,0.73123,0.510811,0.159735,0.9574,0.332043,c0
0.136858,0.972161,0.168727,0.423367,0.898571,0.220365,0.137098,0.423552,0.712073,0.343428,c1
0.151214,0.473925,-0.038485,1.40617,1.010668,-0.097595,1.928404,-0.799344,0.321672,-0.607746,c0
0.232281,0.784714,0.004755,0.41752,0.516157,0.366154,0.157567,0.338455,0.300414,0.467199,c1
0.476232,0.590026,0.034676,0.566435,0.992482,0.162889,0.534832,0.71606,0.938424,0.233724,c1
0.514386,-0.125016,0.315442,0.275342,0.202545,0.003961,0.157754,0.113115,0.448368,0.348282,c0
0.503319,0.6913,0.800783,0.721383,0.341316,0.063931,0.349226,0.520914,0.956275,0.692834,c0
1.195282,0.370933,0.82801,-0.116672,0.892805,1.131319,1.173562,0.323942,0.231583,0.26526,c0
1.069592,1.328996,0.58621,0.288047,0.37085,-0.138497,0.35977,-0.173433,-0.213548,0.070228,c0
0.311372,0.539727,0.972626,0.61366,0.026875,0.689625,0.630179,0.817574,0.740632,0.63196,c0
0.531182,0.251984,0.640021,0.046219,0.280233,0.118847,0.924594,0.142088,0.693817,0.535607,c0
0.309876,0.362338,0.476126,0.082886,0.729066,0.66082,0.503652,0.840157,0.841449,0.070737,c1
0.074919,0.301969,0.369493,0.114113,1.226359,0.197067,0.951496,1.236962,-0.461742,0.994452,c0
0.83841,0.616367,0.589909,0.206529,1.050722,0.775414,1.066695,-0.094749,0.174572,0.428169,c0
-0.065795,0.782274,0.217826,-0.01373,0.727443,0.261688,0.017689,0.232423,0.019817,0.514465,c1
0.970463,0.637186,0.950614,0.112016,0.147082,1.080691,0.650929,0.792458,0.094426,0.386366,c0
0.871883,0.6391,0.943589,0.74568,0.493261,-0.004112,0.332514,0.179669,0.128436,0.446752,c0
0.356242,0.696233,0.680246,0.952417,-0.016263,1.149674,0.418546,0.322379,0.409071,0.026206,c1
1.017101,1.043211,0.738064,0.468185,0.249479,0.364006,0.882348,0.00678,0.037758,0.339335,c0
-0.513355,0.005913,0.285534,0.691199,1.278137,0.436232,1.538529,-0.709564,0.876408,1.460027,c1
1.112758,0.680585,0.593575,0.746478,0.752773,-0.160375,-0.145936,0.871183,1.013366,0.398422,c0
1.212032,1.135399,0.49907,-0.05863,0.380524,0.167126,0.896579,-0.248914,-0.203485,0.223687,c0
0.675591,0.251511,0.908768,0.757839,0.468531,0.015199,0.881208,0.324527,0.837379,0.857254,c0
0.859508,0.156995,0.79117,0.680567,0.378891,-0.132682,0.241527,0.51092,-0.000232,-0.009071,c0
0.751211,0.293918,0.250085,0.433407,0.18965,0.594681,0.870516,0.1284,0.6994,0.600476,c1
0.581253,0.063771,0.797391,0.205218,0.355709,0.360604,0.652748,0.194716,0.329018,0.807203,c1
0.678091,0.029806,-0.010975,0.66575,0.357215,0.193764,-0.029575,0.965317,0.614441,0.970665,c1
0.936133,0.640409,0.958543,0.102223,0.191385,0.941111,0.71786,0.645489,0.122208,0.515667,c0
0.509547,0.493727,0.297734,0.845244,-0.016179,1.257804,0.633292,0.482477,0.630769,-0.091578,c1
1.133866,0.406376,1.331322,0.405592,1.017952,0.399765,0.81658,0.135003,0.520703,0.515393,c0
0.159035,0.840893,0.292611,0.739107,0.802273,0.114624,0.313733,0.703464,0.634751,0.208049,c1
0.659778,1.182778,0.712134,0.64374,0.437235,0.142555,0.844326,0.660766,0.145078,0.754956,c1
1.483137,1.132798,0.475521,0.020199,1.332013,0.515871,-0.421424,0.609969,0.339618,0.052311,c0
0.90358,0.726073,0.914784,0.242047,1.122914,0.953137,0.880373,-0.003191,0.093022,0.753468,c0
0.079919,0.407051,0.75961,0.263638,0.730919,0.650132,0.158399,0.073797,0.260656,0.873416,c1
0.526225,0.786192,1.351921,-0.32399,-0.131405,0.460959,0.58365,1.423174,0.727378,-0.002916,c1
0.4778,0.157531,-0.014845,0.935032,0.498165,0.058512,0.798261,0.015317,0.429734,0.205456,c1
0.884237,0.58797,1.000516,0.655433,0.558692,0.12047,0.327497,0.117021,0.075315,0.374753,c0
0.597128,0.318377,0.737655,0.836004,0.623876,0.738511,0.17913,0.119422,0.389805,0.927268,c1
0.904137,0.824777,0.920005,0.505043,0.222111,0.352145,0.989025,-0.078835,0.003755,0.315778,c0
0.50348,0.69113,0.800994,0.721926,0.341873,0.063757,0.349679,0.520455,0.956465,0.693573,c0
0.527385,1.153489,0.136158,-0.016822,0.542016,0.908675,0.720541,-0.38999,0.749392,0.405918,c0
0.333491,1.038735,0.346623,0.898468,0.706542,0.170068,0.621335,0.076565,0.864112,0.848596,c0
0.851272,0.647044,0.880508,0.458801,0.956606,0.655204,0.280879,-0.086718,0.974048,0.727909,c1
0.232415,0.384439,0.461359,0.021443,0.810363,0.638622,0.509541,0.760889,0.913769,0.008805,c1
0.282553,0.340998,0.501513,0.090242,0.742757,0.682929,0.524033,0.857333,0.839531,0.056478,c1
0.592002,0.53325,0.809898,0.261365,0.771821,0.261106,0.824613,0.740406,0.532782,0.551661,c1
0.134104,0.882098,-0.054801,0.359212,0.398018,-0.100454,0.637983,0.008831,0.87847,0.969037,c0
0.337749,0.375598,0.480574,0.081877,0.692726,0.632392,0.522183,0.819077,0.853109,0.087518,c1
0.814539,0.284304,0.635161,0.505122,0.410865,0.8287,0.81778,0.05938,0.283361,0.834693,c0
0.510964,0.239779,0.38628,0.430917,0.340814,-0.204593,0.72218,0.569741,0.55051,0.216777,c1
0.151027,0.519069,-0.092668,0.505991,0.478731,0.325685,0.519087,0.435824,0.281134,0.594068,c0
0.099981,0.612006,-0.118596,0.621858,0.086823,0.608336,0.240368,0.224486,0.787326,0.31824,c1
0.503435,0.690874,0.800321,0.721165,0.340952,0.063366,0.349186,0.521189,0.955855,0.692474,c0
0.465014,0.165847,-0.014386,0.925572,0.517661,0.05638,0.767562,0.071399,0.428037,0.232501,c1
0.212875,0.466868,0.83983,0.594865,0.888742,0.095861,0.113348,0.3054,0.2475,0.837185,c0
0.94919,0.734908,0.75217,0.190363,0.950595,0.878265,0.90574,0.035727,0.057979,0.615087,c0
0.014048,0.305094,0.227485,-0.02583,0.993363,0.089049,0.515214,0.878175,0.293812,0.365765,c1
0.444158,0.185518,0.001456,0.922115,0.503837,0.064094,0.76271,0.04975,0.424442,0.224002,c1
0.59261,0.101236,0.636861,1.070021,0.16994,0.542318,0.33735,0.42159,0.438421,0.181975,c0
0.394214,0.427287,0.701423,0.722903,0.064908,0.956426,0.325773,0.267447,0.62677,0.387524,c1
1.00424,1.100953,0.701189,0.557753,0.368369,0.165741,0.825727,0.091985,-0.058584,0.35752,c0
0.477573,0.874742,1.744984,0.410608,-0.053732,0.924663,0.786038,1.24003,-0.506437,0.288684,c0
0.087298,0.696559,0.325851,-0.078253,-0.082218,0.346756,0.205045,0.624433,0.793901,0.110823,c0
0.375283,-0.115621,0.794022,0.019646,0.673109,0.799957,1.140171,0.144548,0.296136,1.275832,c1
0.339993,0.410844,0.677515,0.57289,0.926763,0.002315,0.257253,0.45745,0.191486,0.811337,c0
0.724198,0.299069,0.26395,0.437939,0.197908,0.58203,0.910629,0.132856,0.724254,0.614609,c1
0.10617,0.260509,0.360343,0.136599,0.98363,0.935294,0.274928,0.722176,1.11129,0.997389,c0
0.75157,0.285892,0.243136,0.42878,0.183657,0.605072,0.873703,0.1243,0.689309,0.601299,c1
0.176167,0.634636,0.642924,0.692009,0.324645,0.931918,0.544254,0.434061,0.582865,0.30816,c1
0.503577,0.691396,0.800704,0.721742,0.341568,0.064015,0.349383,0.520693,0.95606,0.693092,c0
0.196228,0.629845,0.165126,0.154106,0.123247,0.215795,0.429223,0.603232,0.750298,0.20179,c0
0.384648,0.112568,-0.250078,-0.09685,0.900148,-0.006144,1.124473,0.817248,0.466407,1.074841,c0
0.209788,0.410244,0.55127,0.624325,0.817349,0.13661,0.151706,0.39029,0.214207,0.676894,c0
0.219067,0.424411,0.275588,0.207641,0.825111,0.787996,0.186518,1.056879,0.860799,0.969603,c0
0.844917,0.933306,0.155626,0.902322,0.035287,1.008799,0.384978,0.563366,-0.046902,0.087181,c1
0.090821,1.002803,-0.052698,0.476771,0.588896,0.085686,-0.145428,0.056684,0.37737,0.678327,c1
0.213416,0.160984,0.904267,0.696257,0.927287,0.01832,0.208423,0.591848,0.964428,0.33335,c0
0.543827,0.672897,0.49372,0.17897,0.619135,0.287544,0.273091,0.532569,1.463639,-0.267069,c1
0.36691,0.488936,0.690125,0.333333,0.01994,0.715642,0.755997,0.611012,0.24605,0.395952,c1
0.750701,0.256226,0.270333,0.429781,0.180118,0.57752,0.853601,0.129225,0.653434,0.614977,c1
-0.348789,-0.293385,0.536252,0.72444,0.543906,-0.190609,0.456168,0.225528,0.036139,0.74829,c1
0.503862,0.69205,0.800277,0.721873,0.341287,0.064417,0.349523,0.520648,0.955997,0.692561,c0
-0.249825,0.406188,-0.170422,-0.370407,0.699135,0.634819,-0.133429,1.047342,0.166416,0.053873,c0
0.473817,0.692323,0.163464,0.59955,1.035104,0.257985,0.438857,0.730336,0.915755,0.161569,c1
0.598814,0.056545,0.75674,0.215974,0.372743,0.378121,0.681879,0.166754,0.35128,0.851064,c1
0.65906,-0.022656,0.390052,0.983306,0.535916,-0.077572,0.327276,1.081822,-0.097196,1.252554,c0
1.006887,0.424647,0.506366,0.876191,0.861203,0.023731,0.00277,0.642011,0.658135,0.874287,c0
0.503384,0.691341,0.80074,0.721496,0.341366,0.063842,0.349152,0.521038,0.956303,0.692983,c0
0.125161,0.583006,0.630875,0.261593,0.939044,0.408351,0.008549,0.866279,0.954795,1.108593,c0
0.203096,0.956971,0.482291,0.602189,0.91007,0.139874,0.065606,0.594262,-0.056186,0.33907,c0
0.226968,0.973969,0.085332,0.479162,0.862064,0.242175,0.064696,0.508728,0.830997,0.367637,c1
0.50327,0.691552,0.800595,0.721601,0.341525,0.063771,0.349456,0.520971,0.956511,0.692853,c0
1.005982,0.389191,0.45793,0.899514,0.818201,0.0404,0.018456,0.619434,0.695127,0.923301,c0
0.952087,0.720303,1.134206,0.795,0.417245,0.280204,0.586982,0.283111,0.152412,0.270514,c0
0.256014,0.321376,0.173173,0.238305,0.900301,-0.111305,0.584043,0.797173,0.68442,0.569894,c1
0.142733,0.13433,0.956626,0.493119,0.917253,0.694887,0.102702,0.276286,0.02882,0.767035,c0
0.264179,0.872822,0.149458,0.510721,0.736552,0.37504,0.209619,0.351834,0.693338,0.475233,c1
0.473661,-0.222294,1.022975,0.536403,0.375411,0.699152,0.788982,0.003991,0.244351,0.742109,c1
0.810877,0.186254,0.624397,0.521428,0.541371,0.346627,0.347452,1.028495,0.840762,0.974396,c0
0.986255,0.971804,0.60626,0.106272,1.257811,0.739142,0.96391,-0.368794,0.25617,0.866558,c0
1.045831,0.305558,0.712087,-0.215053,0.551733,0.608265,0.371547,0.101519,0.319377,0.112696,c0
-0.084905,0.021816,0.144927,0.777481,0.46108,0.281744,0.38148,0.187775,0.630918,0.140805,c0
0.341243,1.101526,0.579949,0.558381,2.108542,-0.621342,1.883342,0.313922,0.641277,-0.232226,c0
0.688342,0.073974,0.662673,0.212897,0.328742,0.414213,0.622671,0.116395,0.413474,0.943113,c1
0.651185,0.574519,0.092633,0.410383,0.819924,-0.189218,0.98405,0.28666,-0.237432,0.664094,c0
0.445988,0.188019,-0.003946,0.918948,0.500352,0.057199,0.756124,0.055574,0.415254,0.229574,c1
-0.015122,0.310067,0.642801,0.251078,0.722418,0.795898,0.350489,-0.029536,0.119022,0.722477,c1
-0.004764,1.186451,0.343698,0.701984,0.75964,0.480451,0.308243,0.627124,0.611942,0.398225,c1
0.34953,0.943574,0.121078,0.364757,0.815761,0.247879,0.119706,0.255196,0.200965,0.805618,c1
0.30912,0.299909,0.758355,0.270501,-0.160592,0.501111,0.492305,0.338821,0.500262,0.341517,c1
0.854605,0.531462,0.888835,0.1313,0.075406,0.946558,0.770464,0.729277,0.138864,0.426858,c0
0.590233,0.737122,0.005677,0.744792,0.759066,0.864302,0.241617,0.19344,0.893714,0.333991,c1
0.812533,0.39517,1.143015,0.324577,0.201444,1.138152,0.77096,0.707016,0.115279,0.315399,c0
-0.186325,-0.239729,0.886544,-0.12241,1.216828,-0.321908,0.115282,-0.132975,-0.583085,0.666549,c0
0.301416,0.375996,0.489456,0.084697,0.739931,0.657904,0.496796,0.847033,0.834641,0.063859,c1
0.277212,0.114173,0.307399,0.205848,1.019605,0.170388,0.619371,0.366072,-0.009086,0.749141,c0
0.290341,0.60055,0.363375,-0.030732,0.595376,-0.109224,0.172116,0.539086,-0.101384,0.554312,c1
0.449968,0.760906,-0.036175,0.497671,0.540259,0.139753,-0.118347,0.82772,0.798707,0.398645,c1
1.30709,-0.557738,0.153739,1.592655,-0.580248,-0.02519,0.598683,0.651614,-0.763844,0.506792,c0
0.457698,0.192135,-0.015841,0.900969,0.50311,0.06617,0.753475,0.043623,0.421363,0.224742,c1
0.290251,1.061689,0.879763,0.298133,-0.162285,1.332721,0.497838,0.291532,0.744801,0.843811,c1
0.791851,0.126396,0.091908,0.680726,0.193291,0.237959,-0.112765,0.903933,0.743989,0.909551,c1
0.833795,0.066986,0.741457,0.814462,0.676443,0.034787,0.801493,0.328233,0.881713,0.843527,c0
0.208162,0.914574,0.106356,0.447993,0.880207,0.201812,0.038449,0.504735,0.780231,0.356862,c1
0.81032,0.617903,0.930989,0.728862,0.551275,0.04044,0.328851,0.181335,0.055942,0.445595,c0
0.98132,0.799735,1.081875,0.548176,0.283459,1.14916,0.136756,0.563997,0.76116,0.513265,c0
0.873608,0.670015,0.850085,0.641254,0.44583,0.087641,0.360309,0.130271,-0.043813,0.542605,c0
0.720967,0.731161,0.265442,0.718295,0.322864,0.00184,0.706545,0.218271,0.274957,0.511795,c0
0.320105,0.916259,0.667047,0.543628,0.950294,0.324843,0.293018,0.249892,0.575319,0.987797,c0
1.041569,0.571241,0.986992,0.4895,0.295775,0.124355,0.453475,0.025511,-0.266673,0.577643,c0
1.156298,1.01086,0.910012,0.216034,0.497053,0.54492,0.978493,-0.189332,0.233474,0.271803,c0
0.211736,0.094512,0.909567,0.404439,0.953745,0.750275,0.116431,0.302177,0.043369,0.686946,c0
0.744761,0.297308,0.239705,0.420559,0.211826,0.545725,0.858098,0.152343,0.637905,0.575725,c1
0.067883,-0.097298,0.544484,0.614104,0.493818,-0.115584,0.319822,0.670674,0.634258,-0.065983,c0
0.578394,0.727255,0.014686,0.75452,0.767776,0.855125,0.227581,0.175986,0.898241,0.351897,c1
0.799956,0.50523,0.881502,0.115304,0.055011,0.981922,0.700378,0.668029,0.133145,0.448414,c0
0.943531,0.887815,0.941706,0.326807,0.073136,0.300706,0.958353,0.219419,0.080512,0.248756,c0
0.477161,0.680675,0.109548,0.625397,0.936713,0.054363,0.353357,0.844978,0.946019,0.3304,c1
0.854601,0.590546,0.284734,0.275616,0.860178,0.632917,0.581815,0.122661,0.88521,0.472703,c0
0.416668,0.888058,0.294994,0.690617,0.671951,-0.035066,0.43646,0.263562,0.771106,0.709117,c0
0.397923,0.482196,0.143328,0.349206,0.334764,0.370709,0.534871,0.480761,0.719409,0.401318,c0
0.233117,0.178337,0.931782,0.70204,0.947137,0.012843,0.174999,0.594861,0.978915,0.337603,c0
0.747309,0.292043,0.24314,0.438671,0.19205,0.600205,0.875665,0.128332,0.694979,0.597827,c1
0.832082,1.289691,-0.119109,0.081788,1.131817,1.218942,0.093874,-0.219847,1.172342,0.423473,c0
0.219054,0.128427,0.908868,0.706169,0.924634,0.02517,0.199322,0.588276,0.947342,0.347401,c0
0.312526,0.530631,0.982186,0.631375,0.027781,0.679229,0.617997,0.832033,0.744913,0.618898,c0
0.202304,0.110348,0.122314,0.040813,0.686907,-0.195372,0.513255,0.755522,-0.330643,0.44598,c0
0.430308,0.614211,0.839562,0.605919,0.350549,1.007267,0.414284,0.329187,0.874158,0.477707,c1
0.314011,0.847995,0.240747,0.629851,0.614909,-0.076747,0.60625,0.280926,0.77673,0.825978,c0
0.293978,0.494102,0.523735,0.610667,0.075219,1.084552,0.271124,0.219671,0.703642,0.264547,c1
0.57745,0.614972,0.000248,0.779848,0.282744,-0.265067,0.679087,-0.005566,0.529682,0.851016,c0
0.719746,0.373204,0.736607,0.74741,0.593754,0.822144,0.095021,0.175977,0.428287,0.894046,c1
0.508048,0.524282,0.036231,0.629047,0.952098,0.173649,0.591331,0.603616,0.890876,0.273381,c1
0.029126,0.887357,0.232163,0.812089,0.731685,0.841425,0.05576,0.975594,0.623711,0.916808,c1
0.311464,0.540924,0.972309,0.613974,0.027666,0.688577,0.631655,0.819125,0.740406,0.632511,c0
-0.020189,0.464877,0.402962,0.636774,0.075421,0.735773,0.604648,0.399739,0.781709,0.255315,c1
0.306712,0.359057,0.47415,0.090611,0.706142,0.685554,0.52483,0.814846,0.809578,0.063234,c1
-0.100318,0.544032,0.058768,0.867809,1.003802,0.056176,0.613749,-0.113908,0.654957,0.621194,c1
0.706321,0.909208,0.197471,0.84658,0.005599,0.988876,0.531263,0.494382,-0.048575,0.11078,c1
0.473328,0.713645,0.429366,0.223123,1.002884,1.066094,0.955206,-0.065657,-0.144927,0.254627,c0
0.877586,-0.196461,-0.068286,0.531219,0.767246,1.347532,-0.068548,1.335084,0.65177,1.213173,c0
0.503018,0.691329,0.802052,0.721975,0.341731,0.065263,0.349079,0.521672,0.955736,0.691601,c0
0.231162,0.510591,0.611652,0.907147,0.223343,0.416438,-0.040854,0.041659,0.545001,0.122981,c0
0.603808,0.775738,1.034471,0.340412,0.300439,1.093103,0.118631,0.636667,0.276743,0.302147,c1
0.311612,0.333681,0.752738,0.913567,0.185919,0.88372,0.648698,0.665055,0.733756,0.443286,c1
0.494899,0.241004,0.67193,0.345426,1.135196,0.753762,-0.006056,0.821336,1.0125,1.127849,c0
1.187759,0.974844,0.860992,0.266193,0.87434,0.652488,1.062192,0.08806,-0.121511,0.819522,c0
0.543288,0.840133,0.992585,0.274422,-0.111366,0.987852,0.434422,0.981041,-0.115686,0.341074,c0
0.227274,0.980652,0.12034,0.491855,0.857598,0.254074,0.081057,0.484705,0.798663,0.388105,c1
0.603016,0.41414,-0.055702,0.277594,0.505025,0.546354,0.429315,0.708224,-0.185895,0.744789,c0
0.79186,0.058015,0.745475,0.887922,0.683287,0.145299,0.993876,0.345952,0.921332,0.732679,c0
0.466826,0.2063,0.002854,0.916041,0.515234,0.065567,0.745604,0.050833,0.43263,0.244548,c1
0.318396,0.53493,0.965645,0.606962,0.020965,0.694385,0.625419,0.814914,0.739467,0.627451,c0
0.815371,0.637026,0.979186,0.778059,0.534081,0.072801,0.279415,0.160232,0.056635,0.445561,c0
0.713068,1.141352,0.988462,0.860486,0.478918,0.225557,1.285844,-0.439146,0.326925,0.892155,c0
0.312097,0.365178,0.45914,0.062824,0.712304,0.677031,0.525878,0.84067,0.849956,0.066785,c1
0.675153,0.620018,0.742612,0.408176,1.303787,0.283527,0.800755,0.777215,-0.271085,0.707465,c0
0.785164,0.643071,0.653585,-0.06505,0.546523,0.836924,0.326604,0.273102,0.46257,0.45977,c0
0.958964,0.947505,0.882306,0.408848,0.176353,0.297385,0.812265,0.069803,0.11693,0.29506,c0
0.502475,0.691514,0.800687,0.72254,0.340799,0.062934,0.349358,0.521844,0.956503,0.69322,c0
0.026101,0.345813,0.70289,0.207916,0.678167,0.669237,0.244645,0.014095,0.153855,0.818059,c1
0.886827,0.713951,1.024507,0.650085,0.516989,0.093571,0.475692,0.236057,-0.056558,0.269481,c0
0.199876,0.585621,0.289344,0.363536,0.850421,0.603216,0.10286,0.893495,0.812607,0.878358,c0
0.641009,1.100883,-0.021576,1.030299,0.475257,-0.017916,0.107826,0.241058,0.759951,1.122602,c0
0.576231,0.678217,-0.04962,0.67804,0.939953,0.187348,0.600798,0.574217,0.91393,0.199663,c1
0.784451,0.661502,0.856698,0.068989,0.003903,0.99753,0.713742,0.858658,0.172142,0.527494,c0
0.64831,0.518908,0.27755,0.42032,1.153962,0.889559,0.309559,0.092418,0.756693,0.516911,c0
0.342394,0.587921,0.089781,0.730982,0.050484,0.520918,0.065551,0.260091,1.011989,0.062001,c0
0.917878,0.704383,0.834605,0.23953,-0.253442,1.061469,0.437956,0.959081,0.519486,0.462273,c0
0.726704,0.265902,0.5866,0.554371,0.600268,0.357852,0.402829,1.011336,0.927291,0.942507,c0
0.18409,0.121913,0.921335,0.445192,0.900515,0.746968,0.096479,0.292535,0.036778,0.726975,c0
0.742211,1.088187,0.00374,-0.201434,-0.295078,-0.259772,0.529891,0.325096,0.503387,0.536241,c0
0.174771,0.584534,0.429404,0.244511,0.731013,0.736065,0.210356,0.986878,0.834017,0.746122,c0
0.115881,1.264944,0.725994,0.162408,1.256803,0.138869,0.654151,1.099415,0.656597,0.590978,c0
0.609376,0.030376,-0.027343,0.692024,0.308617,0.261198,0.096817,0.896278,0.742411,1.010772,c1
0.679431,0.055008,1.022557,0.175523,0.092664,0.188099,1.064194,0.101425,0.540893,1.205693,c1
0.275302,0.37454,0.495254,0.02926,0.689678,0.709282,0.467209,0.880066,0.854528,0.113088,c1
0.975788,0.694214,0.708051,0.180595,0.4987,0.717212,0.379997,0.349603,0.630262,0.236437,c0
-0.187779,-0.620589,-0.101,0.277703,1.325406,1.017991,0.721625,1.294819,1.071915,0.740198,c0
0.462465,0.636932,0.016289,0.630313,1.00647,0.229752,0.561677,0.738974,0.917202,0.28691,c1
0.016574,0.071401,0.409926,1.300458,0.849288,0.403131,0.538749,-0.003127,0.39366,0.269561,c1
1.111131,0.172058,0.767413,1.114223,0.153331,0.095191,-0.010684,-0.204201,0.352685,0.5756,c0
0.4786,0.290389,0.674772,1.010034,0.61052,0.772461,0.274898,0.277504,0.297908,0.880551,c1
0.223189,0.855929,0.441985,0.624,0.930762,-0.024827,0.264808,0.578558,0.032656,0.358673,c0
0.423617,0.977239,0.252419,0.611369,0.528281,0.102532,0.379846,0.228118,0.633913,0.718766,c0
0.513453,-0.01474,0.26944,0.212966,1.270319,-0.298721,-0.055668,0.588828,0.232519,0.941684,c0
0.436206,0.174196,0.009272,0.917243,0.487951,0.046556,0.751882,0.049888,0.398814,0.244242,c1
0.311129,0.540228,0.979439,0.616606,0.031818,0.683812,0.633356,0.81513,0.74527,0.633268,c0
0.300171,0.326408,0.3851,0.023705,0.834227,0.746893,0.418216,0.936609,0.891552,-0.009561,c1
0.881021,0.313615,0.664514,0.343603,-0.117946,1.129644,0.958136,0.52359,0.090939,0.248779,c0
1.205889,0.488094,0.803507,-0.116877,0.85655,0.936232,0.536811,-0.016853,-0.370997,0.417747,c0
0.503452,0.691299,0.80089,0.721587,0.34163,0.063678,0.349217,0.520926,0.956323,0.692978,c0
-0.011538,0.544628,0.206054,0.279164,1.121584,0.40527,0.173094,1.257387,0.473619,0.519059,c0
0.777849,-0.126121,-0.117345,0.684388,0.400571,0.322718,-0.085506,0.948693,0.722045,0.913248,c1
0.421865,0.481618,0.073061,0.333709,0.829792,0.187789,0.708565,0.729723,0.048832,0.742954,c0
0.176738,0.128903,0.931259,0.456961,0.885741,0.757551,0.098984,0.287795,0.030783,0.730531,c0
0.531168,0.169698,0.475767,0.909573,0.243704,0.152403,0.498759,0.587536,0.065277,0.848733,c0
0.739945,0.296285,0.250082,0.433044,0.192854,0.597995,0.872616,0.137425,0.696848,0.603659,c1
0.262113,0.643052,0.11708,0.114496,0.116994,0.163976,0.391249,0.59122,0.712296,0.192124,c0
0.311476,0.935276,0.075202,0.704217,0.69137,-0.043773,0.582937,0.420007,0.939025,0.836319,c0
1.468694,0.896676,1.37109,-0.003453,0.045569,-0.040912,1.148064,0.375016,-0.240513,0.744823,c0
0.320533,0.542196,0.969649,0.624502,0.030711,0.680095,0.63733,0.826677,0.742897,0.620614,c0
0.111861,0.464762,0.605705,0.799219,0.227577,0.964145,0.43776,0.453603,0.584723,0.245,c1
0.707796,0.660527,0.169799,0.19267,0.951363,0.935821,0.45601,-0.039976,0.879291,0.200068,c0
0.987518,1.007655,0.796113,0.46095,0.214881,0.324381,0.809949,0.040578,0.002373,0.374779,c0
0.13094,0.594829,-0.046619,0.265329,0.235428,0.429775,0.56585,0.751238,0.762114,0.442863,c0
0.158395,0.064143,0.778057,0.627323,1.025911,0.868107,-0.007081,0.17937,0.174404,0.836578,c0
0.160006,0.163159,0.900975,0.449037,0.853186,0.774799,0.13823,0.306487,0.053918,0.78874,c0
-0.187708,0.783765,0.008646,0.965904,1.123807,-0.335578,1.109402,0.968732,0.391045,0.775443,c0
0.316506,0.540886,0.96908,0.608412,0.027477,0.688795,0.627049,0.824506,0.739621,0.626964,c0
0.999157,0.61842,1.001588,0.345037,-0.07631,0.773573,0.552155,0.505185,0.003726,0.443329,c0
0.268461,0.64437,0.12597,0.106744,0.124995,0.16381,0.369508,0.573369,0.701813,0.198324,c0
0.455487,0.811513,0.939622,0.240912,0.036582,0.815277,0.500041,0.51894,0.495557,0.699737,c1
0.497338,0.918799,0.22941,0.798513,0.838438,-0.152171,0.785308,0.188345,0.715752,1.088992,c0
0.629564,0.898692,-0.330516,0.03589,0.991391,-0.115317,-0.327143,-0.154215,-0.233203,0.922713,c1
0.503775,0.691552,0.800807,0.721873,0.341429,0.063627,0.348938,0.520534,0.956296,0.692903,c0
0.306826,0.445447,0.615267,1.296586,-0.028362,0.210802,0.146679,0.28076,0.006914,0.954025,c0
0.849129,0.519038,0.90438,0.123728,0.084113,0.98501,0.723524,0.707743,0.146486,0.464609,c0
1.217033,0.622989,0.961458,0.634602,0.245049,0.320243,1.176653,0.348099,-0.101116,0.673886,c0
0.452583,0.765481,1.029362,0.720992,0.527208,0.00832,1.224065,0.478585,0.458358,0.915498,c0
0.985967,0.892062,1.225425,0.713784,-0.062818,0.560014,0.13675,0.602905,0.072899,0.140143,c0
0.202904,0.700123,0.114809,0.073649,0.135197,0.183102,0.325784,0.547354,0.778151,0.202468,c0
0.903182,0.578853,1.004435,0.140509,0.046857,0.949906,0.677593,0.619348,0.039424,0.466425,c0
0.781095,0.657346,0.871291,0.690872,0.461421,0.030395,0.268658,0.138946,0.02478,0.395006,c0
0.970162,0.964585,0.754638,0.51767,0.27803,0.282954,0.820502,0.034663,0.033507,0.374446,c0
0.464196,0.181132,-0.02405,0.886293,0.501109,0.052445,0.793097,0.07332,0.424537,0.241707,c1
0.493726,0.48651,0.142536,0.280688,0.769476,0.196964,0.850017,0.678559,0.057269,0.683911,c0
-0.150078,0.314866,0.404274,-0.13274,0.398004,0.495726,0.479399,0.261604,0.313212,0.575006,c0
0.314188,-0.220123,-0.411412,0.265243,0.513372,0.313724,0.15092,1.371516,0.260573,0.504407,c1
0.875262,0.573868,0.991133,0.788159,0.588583,-0.013999,0.244376,0.233566,0.144003,0.358865,c0
0.196803,0.98194,0.070381,0.504964,0.830492,0.26335,0.023427,0.496434,0.844712,0.382732,c1
0.503491,0.691441,0.800887,0.721561,0.341535,0.063881,0.34939,0.521037,0.95645,0.69292,c0
0.993321,0.410769,0.479722,0.876947,0.833946,0.059949,0.004641,0.598093,0.679212,0.898884,c0
0.035545,0.278157,0.331672,0.018936,0.92693,0.085842,0.505205,0.762731,0.425506,0.416277,c1
0.179828,0.269549,0.487912,0.069575,0.601157,0.643112,0.385132,0.196778,0.241994,0.871928,c1
0.238492,0.542765,-0.021172,-0.012873,-0.053395,0.306628,0.439131,0.463351,0.571125,0.352077,c0
0.713576,0.323808,0.54437,0.099975,0.336861,0.047419,0.944818,0.14572,0.785715,0.606192,c0
-0.330946,0.085419,-0.251773,1.259447,-0.489391,0.494793,0.270908,-0.188528,1.049842,-0.597169,c0
0.610441,0.179172,0.502313,0.578243,0.741955,0.453386,0.200573,0.834411,0.882978,0.843943,c0
0.956277,0.450278,0.831775,0.879989,0.710442,0.052388,0.144057,0.171703,0.012796,0.401947,c0
0.808763,0.891801,0.384505,0.537627,0.70325,0.871322,0.361213,0.029181,0.781097,0.415509,c0
-0.116048,0.518401,0.24472,0.584163,0.385534,0.578405,0.412692,0.044051,1.027158,-0.055457,c0
0.503234,0.691566,0.800464,0.721998,0.34097,0.063758,0.349986,0.520337,0.956344,0.693018,c0
0.441421,0.565914,1.013721,0.608011,-0.155142,0.642286,0.600853,0.392704,0.486232,0.551041,c0
0.154085,0.288267,0.205133,0.77834,0.088741,0.260958,0.2721,0.382377,0.751841,0.042528,c0
1.019717,0.441054,0.480569,0.889263,0.843977,0.090855,0.013918,0.574166,0.670167,0.904646,c0
0.689597,0.78469,0.215777,0.355284,0.932798,0.658084,0.501028,0.183933,1.031461,0.161387,c0
1.670846,-0.138382,0.105703,0.252482,-0.262665,-0.350815,-0.512384,0.455226,-0.061872,1.438991,c1
0.17307,0.722801,0.263997,0.264765,0.736938,0.043892,0.077742,0.291724,0.67386,0.23289,c1
0.267819,0.215916,0.791284,0.582536,0.797848,0.631881,0.207442,0.272334,-0.0199,0.808469,c0
0.03795,0.671994,0.194596,0.119154,0.787607,0.204488,0.34579,1.02204,0.591403,0.663673,c0
0.00842,0.35835,0.604091,1.062986,0.865237,0.86984,-0.109311,1.374296,0.059856,1.020888,c1
0.612651,0.243162,0.39135,0.993545,0.291844,0.136286,0.435471,0.593699,0.088505,0.876997,c0
0.309289,0.35635,1.032883,1.303377,0.790176,-0.192821,0.437376,-0.158984,0.365881,0.062837,c0
0.338101,0.254542,0.701021,0.335481,0.974057,0.496152,0.614844,0.126502,0.194008,0.863099,c0
0.503347,0.691526,0.800739,0.721669,0.341497,0.063794,0.349203,0.520723,0.956172,0.692973,c0
0.726701,0.283635,0.232027,0.464717,0.167279,0.560776,0.901928,0.110576,0.713327,0.639062,c1
0.202428,0.152569,0.92411,0.687146,0.91794,0.033281,0.19188,0.578951,0.967937,0.334974,c0
0.704207,0.542287,0.461192,0.556084,0.753617,-0.037179,0.281016,0.780319,1.091755,0.307636,c0
0.402023,0.919987,0.24688,0.672979,0.603175,0.006584,0.555645,0.322074,0.807118,0.831705,c0
0.212333,0.930655,0.404166,0.58855,0.816907,0.152931,0.174369,0.660297,-0.02677,0.451992,c0
0.215032,0.334222,0.250347,0.734295,0.091571,0.264219,0.188782,0.296641,0.759,0.046918,c0
0.315011,0.541961,0.975517,0.60982,0.02818,0.69156,0.628936,0.82122,0.737038,0.633762,c0
0.657963,0.404277,0.818495,0.496188,0.964605,0.109942,0.192531,0.239344,0.674138,0.059634,c1
0.601262,0.216174,0.326585,1.060543,0.359086,0.16929,0.489662,0.52435,0.100584,0.827334,c0
0.427275,0.314727,0.799228,0.374855,1.130508,0.044178,0.242626,-0.064927,0.148891,0.800473,c0
0.157469,0.656438,0.027037,0.194409,0.121061,0.08885,0.308834,0.7138,0.824691,0.094444,c0
0.226876,0.795271,-0.073751,0.585513,0.588002,0.03784,0.121988,0.481657,-0.180917,0.286999,c1
0.304091,0.553064,0.956619,0.595772,0.012895,0.700343,0.643669,0.819417,0.724785,0.616164,c0
0.196662,0.904283,-0.291541,-0.119878,1.243878,0.963459,1.881362,0.519239,0.456459,-0.088062,c0
0.51127,0.594091,0.053799,0.600652,0.986445,0.159641,0.517829,0.672116,0.973749,0.232046,c1
0.512038,0.495037,0.190471,0.283666,0.828118,0.152777,0.741064,0.680015,0.023345,0.654846,c0
0.76558,1.232439,-0.13391,0.764001,0.463379,-0.013622,0.488239,-0.03596,0.711864,0.951689,c0
0.676412,0.66084,0.551509,0.270181,0.894084,-0.249109,0.367917,0.801739,0.566433,0.624637,c0
0.993222,0.996984,0.725264,0.522505,0.227229,0.359555,0.916459,-0.013104,-0.025662,0.321528,c0
0.777279,0.281981,0.229992,0.420129,0.160675,0.57345,0.904436,0.117032,0.696872,0.606813,c1
0.617934,0.599124,0.279217,0.152506,0.877724,0.799161,0.720197,0.302108,0.799205,0.195519,c0
0.422904,1.071662,0.76697,0.449172,0.317281,0.190559,0.145992,0.46666,-0.087535,0.467204,c0
0.351533,0.91016,0.188149,0.647272,0.517605,0.029757,0.582544,0.235287,0.742046,0.821913,c0
0.630379,0.490805,0.34941,0.587509,0.675296,0.225102,0.382062,0.715108,0.278055,1.053217,c0
0.311391,0.359879,0.48183,0.078787,0.722834,0.663634,0.505044,0.839315,0.843875,0.070514,c1
0.004027,0.361937,0.719415,0.196362,0.658511,0.681979,0.261211,0.030965,0.176672,0.772679,c1
0.998341,0.40619,0.467295,0.871965,0.795861,0.09957,-0.014464,0.570959,0.639068,0.871648,c0
0.503756,0.69079,0.801083,0.721189,0.341237,0.064197,0.349407,0.520952,0.956765,0.693633,c0
0.203493,0.266516,0.325498,0.760291,0.177263,0.176373,0.231158,0.338597,0.774667,-0.074349,c0
0.213984,0.963809,0.09808,0.480947,0.866183,0.249875,0.058382,0.504152,0.824655,0.375694,c1
0.906946,0.593711,0.656752,0.089419,0.695524,0.513456,0.555278,0.452779,0.25331,0.986888,c0
1.671683,0.503312,0.441898,0.473925,-0.29161,-0.345898,1.196705,1.002028,0.925426,0.309856,c0
0.951961,0.845196,0.796707,0.488683,0.439382,0.21514,0.707771,0.400177,0.041118,0.889006,c1
0.21351,0.923197,0.032973,0.284724,0.663439,0.280601,0.05295,0.213204,0.152839,0.611994,c1
0.261215,1.182803,1.016854,-0.522735,0.798495,0.835466,1.299261,0.979305,1.618108,-0.319205,c1
0.503362,0.691366,0.800811,0.721617,0.341518,0.063756,0.349285,0.520896,0.956309,0.693019,c0
0.941218,0.316415,0.268927,0.130872,0.178685,-0.116433,0.363813,0.952298,0.604461,0.857472,c1
0.50336,0.691361,0.800804,0.721619,0.341514,0.063756,0.349287,0.520895,0.956308,0.693021,c0
0.136213,0.77431,0.656767,0.162391,0.282844,0.617318,0.545901,0.8461,1.131408,0.046017,c1
0.801826,-0.014664,0.654157,-0.052453,0.357651,0.70172,0.352242,0.489813,-0.314207,0.459645,c0
0.902535,1.048684,0.696223,0.455545,0.217295,0.315626,0.771041,0.06713,-0.029632,0.428425,c0
0.38521,0.902615,0.244657,0.674407,0.606273,0.02455,0.531284,0.320692,0.762262,0.829021,c0
-0.080921,0.102445,0.154346,0.874108,0.289105,0.971147,0.003702,0.333482,1.302946,0.646085,c1
0.763336,-0.038389,0.795905,0.87775,0.576502,0.019975,0.79632,0.213007,0.806194,0.894986,c0
0.030719,0.328687,1.059455,-0.010187,0.931195,0.366463,0.297603,0.477258,0.544601,0.894236,c1
0.635607,0.225925,0.641177,0.848042,0.44327,0.96432,0.314329,0.133152,0.575521,-0.01463,c1
0.671106,1.27099,0.369577,0.982758,0.266543,-0.053434,0.139495,-0.122026,0.460866,0.972992,c0
0.376319,0.410867,0.402427,0.009102,0.681154,0.578861,0.533861,0.877498,0.87788,0.097793,c1
0.820943,0.132645,0.716329,0.968579,0.741491,0.260887,-0.049697,0.22233,0.395964,0.356197,c1
0.56328,0.01153,0.164769,-0.342245,1.054574,0.27197,0.581405,0.876037,0.100821,0.617592,c1
0.676258,0.744875,1.11125,0.632206,0.608556,-0.108114,0.312378,0.152751,-0.069694,0.381988,c0
0.729724,0.465452,0.256915,0.58928,0.427658,0.784146,0.993354,1.026139,0.314094,1.321064,c0
0.39814,0.312701,0.194263,0.427976,0.803857,0.177441,0.637264,0.517074,0.008719,0.747894,c0
0.503528,0.69133,0.800721,0.72152,0.341615,0.063792,0.349319,0.520781,0.956288,0.693173,c0
0.212403,0.5632,0.974257,0.713508,0.851859,0.779622,-0.136371,0.62748,0.072042,1.207949,c1
0.197596,0.142109,0.918566,0.683772,0.914177,0.043544,0.1984,0.574976,0.960524,0.340173,c0
0.590827,0.51142,0.564661,0.299694,0.601233,0.045828,0.833276,0.87636,0.253128,0.377139,c1
0.251647,0.945987,0.142275,0.510726,0.86469,0.29746,0.094064,0.539083,0.856984,0.372765,c1
0.31005,0.537137,0.966647,0.623639,0.032479,0.690565,0.639018,0.820837,0.739787,0.627232,c0
1.020903,0.400342,1.124823,0.51702,0.59845,-0.082994,0.38722,0.24062,0.163589,0.4596,c0
1.09501,0.833098,0.85771,0.303139,0.082566,0.17074,1.011428,-0.112301,-0.121415,0.190265,c0
0.578757,-0.021779,0.116869,0.332413,0.397326,0.466339,0.007786,1.12736,0.676467,0.928676,c1
0.730657,0.718191,0.29021,0.30453,0.914446,0.765797,0.556946,0.147317,0.99129,0.339195,c0
1.773018,0.909931,0.751349,-0.297589,0.860013,-0.457953,1.018603,0.316252,0.494635,0.297473,c0
0.466656,0.285285,0.354311,0.259894,1.161194,0.322158,0.37592,0.202546,0.148316,0.583969,c0
0.483101,0.66263,0.034364,0.530405,0.987416,0.25836,0.724265,0.904322,0.120311,0.569947,c0
0.194769,0.31839,0.51545,0.448356,-0.135632,0.454865,1.003016,0.864313,0.167505,0.41941,c1
0.834002,0.682418,0.610731,0.017999,0.610787,0.840166,0.268851,0.288727,0.550648,0.37975,c0
0.227707,0.955603,0.102255,0.48679,0.876457,0.237951,0.063444,0.488934,0.828933,0.367232,c1
0.785172,0.952364,0.135722,0.981725,-0.006664,1.063718,0.474091,0.459085,0.009163,0.083006,c1
0.214285,0.071013,1.055637,0.581654,0.825198,0.72485,0.028543,0.350092,-0.024426,0.765578,c0
0.445135,0.939739,0.189727,0.634453,0.589202,0.05618,0.510442,0.307604,0.784137,0.841906,c0
0.18832,0.542857,0.570204,0.791721,0.189564,0.901762,0.395058,0.390405,0.664709,0.219012,c1
0.783529,0.637215,0.39623,0.70122,0.996694,0.491941,0.572604,0.464662,1.234802,0.51659,c0
0.628237,0.544617,0.929172,0.350115,-0.061101,0.759672,0.780781,0.710468,0.328149,0.49571,c0
0.297638,0.331655,0.68316,0.530633,0.943647,0.063719,0.329209,0.376932,0.256359,0.74377,c0
0.310289,1.015009,0.006809,0.101775,0.596716,0.181588,0.169001,0.07653,0.362046,0.504525,c1
0.648264,1.142546,0.570678,0.349419,0.848782,0.156532,0.559688,0.402782,-0.108645,0.801777,c1
-0.196449,1.122912,-0.056566,0.948224,1.131399,0.85928,0.679088,1.090636,0.287893,0.201319,c0
-0.03546,0.086287,0.361895,0.213275,0.930283,-0.086166,0.408505,0.748611,0.42588,0.269498,c1
0.80783,0.337688,0.287695,0.440327,0.215769,0.536793,0.897377,0.097044,0.719333,0.607314,c1
0.270853,0.908373,0.200867,0.67097,0.738247,0.005398,0.605052,0.169393,0.732944,0.888597,c0
0.423347,0.181604,-0.03633,0.952949,0.49103,0.023602,0.746926,0.079703,0.409486,0.255299,c1
0.502838,0.690832,0.800844,0.721784,0.340911,0.064526,0.349199,0.520702,0.957248,0.693677,c0
0.259947,0.350109,0.591618,0.675245,0.925225,-0.086862,0.281305,0.477191,0.136618,0.901961,c0
0.177177,0.485566,0.787502,0.216399,0.706053,0.57539,0.187227,0.261071,-0.035132,0.605018,c1
0.398617,0.257964,-0.147568,0.254247,0.886384,0.024326,0.800901,0.650828,-0.092492,0.635431,c0
-0.000583,0.810406,0.530683,0.996271,0.199438,0.719232,0.14057,0.450414,0.443202,0.156757,c1
0.642407,0.941796,1.061193,0.55451,1.050951,0.27401,0.433435,0.223067,-0.172447,-0.060506,c0
0.379742,0.398416,0.12662,0.493201,0.683273,0.358108,0.599335,0.614724,0.011584,0.74678,c0
0.580046,0.185612,-0.256895,0.722272,0.084568,0.155467,0.143757,1.165404,0.672071,1.035491,c1
0.47531,0.291611,0.510133,0.760186,0.222903,0.15947,0.162745,0.184738,0.414814,0.229147,c0
0.547421,0.818998,-0.038032,0.78924,0.673998,0.742254,0.150477,0.218331,0.832482,0.469373,c1
0.081789,0.731257,0.052441,0.303432,0.555515,0.404598,0.024974,0.402084,0.235574,0.772672,c1
1.0682,0.998469,0.87943,-0.010343,1.285087,1.389054,1.089016,0.150578,-0.472642,0.34506,c0
0.560434,1.402487,-0.189455,0.065307,0.667815,-0.327188,0.086382,0.705169,0.939721,0.902535,c0
0.762314,0.54466,0.899253,0.722235,0.584749,-0.003019,0.255942,0.21762,0.060985,0.474947,c0
0.83511,0.243072,0.621448,0.486499,0.454043,0.813882,0.857786,0.07421,0.219677,0.854557,c0
0.877757,0.659917,0.491464,0.423341,0.668478,0.022455,0.159052,0.736591,0.929228,0.392109,c0
0.110563,0.474844,0.740374,0.174021,0.71592,0.620894,0.228916,0.046663,0.098409,0.798713,c1
-0.190402,0.972238,-0.284376,-0.055658,-0.258537,0.348066,0.179506,1.048769,0.243902,0.195371,c0
0.189341,0.805941,0.976213,0.016134,0.387468,0.885438,0.780791,1.027106,0.840036,0.21725,c1
0.104884,0.939441,0.236744,0.524898,0.900466,0.370462,0.116769,0.625722,0.989979,0.214411,c1
0.782169,0.967365,0.215543,0.92617,0.046004,0.966218,0.408041,0.509976,0.00485,0.144808,c1
0.433147,0.16091,0.598122,0.262211,0.476304,0.460292,0.503513,-0.005261,0.269358,0.707462,c1
0.146917,0.045481,0.949017,0.372319,0.956982,0.704661,0.038309,0.182268,0.041144,0.698695,c0
0.40026,0.79652,0.688269,0.445894,0.882982,-0.109815,-0.147827,0.501429,0.220346,0.196537,c0
0.476577,0.180326,-0.038145,0.894385,0.505427,0.048381,0.770695,0.014711,0.389193,0.247223,c1
0.829267,0.698651,0.608391,0.046105,0.622934,0.82718,0.282178,0.267417,0.522256,0.352088,c0
0.457045,0.198084,-0.005395,0.930284,0.507542,0.048511,0.751161,0.05214,0.422669,0.219251,c1
0.469635,0.267216,0.471324,0.30616,0.933406,0.340203,0.48124,0.133593,0.18003,0.712025,c0
0.436331,0.821013,0.01661,0.300412,0.570113,0.093745,-0.116357,0.463078,-0.133189,0.724367,c1
0.012686,0.430483,0.693741,0.239796,0.609571,0.760281,0.276637,0.049528,0.090759,0.740051,c1
0.095513,0.421883,0.093703,0.877201,0.036039,0.142797,0.173706,0.360909,0.650039,0.148432,c0
1.054794,0.721254,0.558249,0.05008,0.666253,0.871409,0.514549,0.493912,0.344347,0.541217,c0
0.304898,0.539714,0.980623,0.61322,0.0146,0.688363,0.619876,0.803519,0.731656,0.618306,c0
0.451031,0.188504,0.003632,0.921859,0.509884,0.060601,0.761348,0.05244,0.416565,0.232311,c1
-0.114621,0.278946,0.560189,0.175618,0.530111,0.628371,0.398526,0.051788,0.115699,0.624083,c1
0.798353,0.095181,0.79042,0.762879,0.716317,0.092382,0.810647,0.356956,0.913517,0.82198,c0
0.03567,0.887456,0.196906,0.375591,1.009897,0.297824,-0.019275,0.336889,0.97592,0.321537,c1
-0.083605,0.891321,0.246211,-0.321334,-0.235422,0.008639,0.551633,0.331293,0.785328,0.534591,c0
0.870429,0.931861,0.613439,0.64255,0.503746,0.073931,0.209465,-0.222844,0.184932,0.143223,c0
0.905139,0.608515,1.01157,0.830681,0.504801,0.031959,0.257373,0.268413,0.13582,0.327128,c0
0.504416,0.513355,0.089114,0.604364,1.031621,0.248674,0.476188,0.688943,0.925631,0.221107,c1
0.425866,1.125459,0.718417,0.175151,0.273794,0.563787,0.660603,0.626472,0.71701,-0.041755,c1
0.193392,0.865008,0.32418,0.264551,0.837797,0.396852,0.116974,0.635087,0.987506,0.587882,c1
0.43955,0.742277,0.002525,0.61173,1.101313,0.204483,0.037092,0.395614,0.694745,0.512771,c1
0.620677,0.315065,0.756524,0.846106,0.562165,0.789434,0.134969,0.117064,0.354217,0.916412,c1
0.305449,0.545016,0.97966,0.610344,0.024209,0.694778,0.634919,0.8211,0.743435,0.637025,c0
0.190727,1.097533,-0.314921,0.893432,0.491142,0.269929,0.889327,0.794967,1.134654,1.34309,c0
-0.047719,1.111577,0.734964,0.009337,0.544612,0.26131,0.458397,1.194884,0.187059,0.696414,c0
0.233922,0.353828,0.381159,0.677245,0.233648,0.439345,0.589691,0.499761,0.325515,-0.091195,c1
0.635321,0.031316,0.715434,0.206643,0.329284,0.415723,0.682957,0.142472,0.313259,0.806297,c1
0.503683,0.691269,0.800591,0.721871,0.341494,0.06389,0.349158,0.520644,0.95601,0.692979,c0
0.881066,0.538525,0.840021,0.045238,0.201047,0.978828,0.711667,0.658002,0.033552,0.371843,c0
0.45732,0.188675,0.000237,0.917655,0.510227,0.056079,0.760673,0.049155,0.413203,0.230343,c1
-0.052067,0.892042,0.217908,0.759401,0.61634,0.839981,0.069855,0.989188,0.542157,0.929644,c1
0.347413,0.884266,0.152248,0.352367,0.856007,0.218481,0.129182,0.629199,0.860973,0.266677,c1
0.192402,0.131584,0.938961,0.695344,0.925873,0.029997,0.183689,0.590624,0.974923,0.312469,c0
0.149706,0.581616,0.490994,0.57659,0.958441,0.153959,0.294246,0.552038,0.142974,0.729317,c0
0.467699,0.583908,0.052884,0.579715,0.963381,0.195688,0.491221,0.680507,0.993636,0.249427,c1
1.232387,0.694702,0.575595,0.722894,0.219179,0.356495,-0.037533,0.284062,-0.198545,0.028345,c0
0.680557,0.538065,0.588025,0.471475,0.986432,0.23762,0.411444,0.196087,-0.138615,1.158632,c0
0.737282,0.285605,0.250053,0.4393,0.19872,0.605334,0.872994,0.121379,0.70161,0.601954,c1
0.667912,-0.024149,0.79097,0.253553,0.324413,0.325802,0.759252,0.091993,0.318191,0.860799,c1
